odsCode,name
A82006,Appleby Medical Practice
A82013,Upper Eden Medical Practice
A82018,Spencer St Surgery
A82021,Castlegate And Derwent Surgery
A82023,Distington Surgery
A82026,The James Cochrane Pract.
A82035,Birbeck Medical Group
A82036,The Lakes Medical Practice
A82038,Temple Sowerby Medical Practice
A82617,Kirkoswald Surgery
A86040,St Anthonys Health Centre
B81004,"Eastgate Medical Group, Hornsea"
B81005,The Central Surgery Barton
B81012,Dr Ap Kumar
B81015,Clee Medical Centre
B81023,The Chantry Health Group
B81037,The Park Surgery
B81046,The Bridge Group Practice
B81047,Wolseley Medical Centre
B81048,Modality Partnership (Hull)
B81058,Sydenham Group Practice
B81061,The Ridings Medical Group
B81064,Church Lane Medical Centre
B81068,Bartholomew Medical Group
B81070,Practice One
B81075,Hastings Medical Centre
B81092,"The Medical Centre, Driffield"
B81101,Greengates Medical Group
B81606,Stirling Medical Centre (Mathews)
B81656,Raj Medical Centre
B81664,Humberview Surgery
B82004,Nidderdale Group Practice
B82008,North House Surgery
B82010,Ripon Spa Surgery
B82011,Sherburn Surgery
B82012,The Leeds Road Practice
B82017,Whitby Group Practice
B82019,Topcliffe Surgery
B82023,Catterick Village Surgery
B82024,Eastfield Medical Centre
B82025,Derwent Practice
B82029,Doctors Lane Surgery
B82031,Sherburn Group Practice
B82036,Dr Ingram & Ptrs
B82042,Lambert Medical Centre
B82045,Central Dales Practice
B82049,Thirsk Doctors Surgery
B82062,Egton Surgery
B82063,Ayton And Snainton Medical Practice
B82066,Glebe House Surgery
B82073,South Milford Surgery
B82075,Mayford House Surgery
B82077,Kirkbymoorside Surgery
B82078,Leyburn Medical Practice
B82081,Elvington Medical Practice
B82101,Sleights And Sandsend Medical Practice
B82105,Tadcaster Medical Centre
B82106,Hackness Road Surgery
B82622,Reeth Medical Centre
B83033,Modality Partnership
B83614,Picton Medical Centre
B84001,Station Road Surgery
B84007,Brig Royd Surgery
B84009,Stainland Road Medical Centre
B84013,Plane Trees Group Practice
B84016,Bankfield Surgery
B84613,Beechwood Medical Centre
B84618,Caritas Group Practice
B86004,Highfield Surgery
B86008,Alwoodley Medical Centre
B86017,Craven Road Medical Practice
B86024,Priory View Medical Centre
B86025,Hyde Park Surgery
B86041,Vesper Road
B86059,Meanwood Health Centre
B86068,Abbey Grange Medical Practice
B86069,Burley Park Medical Centre
B86109,Kirkstall Lane Medical Centre
B87036,Langthwaite Surgery
B87039,King'S Medical Practice
C81001,Springs Health Centre
C81016,Peak & Dales Medical Partnership
C81021,Old Station Surgery
C81023,The Aitune Medical Practice
C81029,Staffa Health
C81041,Welbeck Road Health Centre
C81049,Kelvingrove Medical Centre
C81052,Brooklyn Medical Practice
C81053,Parkside Surgery
C81058,The Brimington Surgery
C81061,Littlewick Medical Centre
C81077,Howard Street Medical Practice
C81083,The Golden Brook Practice
C81084,Inspire Health
C81106,Lambgates Health Centre
C81110,Wellbrook Medical Centre
C81115,Gladstone House Surgery
C81604,Eden Surgery
C81647,St Lawrence Road Surgery
C81649,Calow And Brimington Practice
C82007,Castle Donington Surgery
C82016,Long Clawson Medical Practice
C82034,Quorn Medical Centre
C82070,Woodbrook Medical Centre
C82071,Wigston Central Surgery
C82095,Alpine House Surgery
C82096,Hugglescote Surgery
C82680,Rushey Mead Health Centre
C83025,Richmond Medical Centre
C83033,Hibaldstow Medical Practice
C83041,The Woodland Medical Practice
C83044,Caskgate Street Surgery
C83056,East Lindsey Medical Group
C83059,Greyfriars Surgery
C83085,James Street Family Practice
C83653,Stackyard And Woolsthorpe Surgery
C84001,Larwood Surgery
C84051,Orchard Medical Practice
C84094,Riverside Health Centre
C85004,Penistone Group Pms Practice
C85008,Walderslade Surgery
C85017,Burleigh Medical Centre
C85018,Grimethorpe Surgery
C85033,Victoria Medical Centre Pms Practice
C85619,St George'S Medical Centre Pms Practice
C86001,Great North Medical Group
C86005,Mexborough Health Centre
C86006,Regent Square Group Practice
C86009,The Mayflower Medical Practice
C86011,Mount Group Practice
C86013,The Tickhill & Colliery Medical Practice
C86015,The Rossington Practice
C86016,The Lakeside Practice
C86017,Kingthorne Group Practice
C86020,St. Johns Group Practice
C86024,Conisbrough Group Practice
C86032,Scawsby Health Centre Practice
C86033,The Nayar Practice
C86034,The New Surgery
C86037,Field Road Surgery
C86038,Petersgate Medical Centre
C86611,Dunsville Medical Centre
C86625,Conisbrough Medical Practice
C87002,Dinnington Group Practice
C88010,Chapelgreen Practice
C88014,Norwood Medical Centre
C88020,White House Surgery
C88023,Sothall & Beighton Health Centres
C88036,Handsworth Medical Practice
C88052,Hollies Medical Centre
C88072,Woodhouse Medical Centre
C88078,Mosborough Health Centre
C88647,Owlthorpe Medical Centre
C88652,Greystones Medical Centre
D81001,Lensfield Medical Practice
D81013,Trumpington Street Medical Practice
D81026,Boroughbury Medical Centre
D81035,Comberton Surgery
D81036,Priors Field Surgery
D81041,Bourn Surgery
D81044,Nuffield Road Medical Centre
D81045,Buckden Surgery
D81054,Red House Surgery
D81058,Harston Surgery
D81081,Great Staughton Surgery
D81611,Fenland Group Practice
D82105,St Clements Surgery
E81009,West Street Surgery
E81074,Houghton Close Surgery
E82072,The Health Centre Practice
E83009,Phgh Doctors
E83010,The Speedwell Practice
E83012,The Old Court House Surgery
E83049,Langstone Way Surgery
E83053,Lane End Medical Group
E83600,Adler Js-The Surgery
F81095,Abbey Field Medical Centre
F83003,Park End Surgery
F83006,Ampthill Practice
F83025,The Regents Park Practice
F83043,Ridgmount Practice
F83044,The Bloomsbury Surgery
F83061,Museum Practice
F83665,Swiss Cottage Surgery
F83678,Dr Segarajasinghe
F85014,Highgate Group Practice
F85034,Arcadian Gardens Surgery
F85063,The Muswell Hill Practice
F85067,The 157 Medical Practice
F85069,Crouch Hall Road Surgery
F85688,Rutland House Surgery
G82112,Headcorn Surgery
H81026,Binscombe Medical Centre
H81031,Witley Surgery
H81067,Cobham Health Centre
H81663,Ashley Medical Practice
H83012,St. James'S Medical Centre
H83039,Stovell House Surgery
H83608,Brigstock Family Practice
H84005,Parkshot Medical Richmond
H84061,Kingston Health Centre
H84623,Hampton Hill Medical Centre
H85008,The Roehampton Surgery
H85012,Putneymead Group Medical Practice
H85061,The Heathbridge Practice
H85659,Begg Practice
H85682,Tudor Lodge Health Centre
J82094,Tadley Medical P'Ship
J83002,Westrop Medical Practice
J83003,Harcourt Medical Centre
J83038,Kingswood Surgery
K81102,Burdwood Surgery
K82045,Southmead Surgery
K82067,Hilltops Medical Centre
K83014,Leicester Tce Healthcare Ctr
K83021,Rothwell Medical Centre
K83022,Towcester Medical Centre
K83029,Abington Park Surgery
K83032,Abbey House Medical Practice
K83036,Linden Avenue Medical Centre
K83037,Dr Spencer & Partners
K83049,Brackley Medical Centre
K83051,Weavers Medical
K83059,Dr Khalid & Partners
K83077,Greenview Surgery
K83610,Danes Camp Medical Centre
K83614,Dr Kumar & Partner Studfall Medical Ctr
K83620,The Brook Health Centre
K83622,Great Oakley Medical Centre
K84044,Manor Surgery
L81009,Stockwood Medical Centre
L81029,Three Shires Medical Practice
L81033,Nightingale Valley Practice
L81037,Pioneer Medical Group
L81041,Hillview Family Practice
L81054,Grange Road Surgery
L81083,Hartwood Healthcare
L81084,Priory Surgery
L81095,The Crest Family Practice
L81125,Wells Road Surgery
L82008,Stratton Medical Centre
L82013,Perranporth Surgery
L82015,Chacewater Health Centre
L82018,Helston Medical Centre
L82028,Three Spires Medical Practice
L82059,Meneage Street Surgery
L83012,Bradworthy Surgery
L83020,Axminster Medical Practice
L83026,Torrington Health Centre
L83038,Tavyside Health Centre
L83069,Ruby Country Medical Group
L83101,Abbey Surgery
L83102,Yelverton Surgery
L83129,Hartland Surgery
L84023,Church Street Practice
L84045,Mitcheldean Surgery
L84616,Prestbury Park
L85014,Taunton Vale Healthcare
L85019,Minehead Medical Centre
L85021,College Way Surgery
L85037,North Curry
L85042,Taunton Road Medical Centre
L85043,Park Medical Practice
L85046,Mendip Country Practice
L85051,Redgate Medical Centre
L85052,Warwick House Medical Practice
L85056,North Petherton Surgery
L85062,Lyngford Park
L85065,Dunster & Porlock Surgeries
L85607,Somerset Bridge Medical Centre
L85609,Creech
M83054,Audley Health Centre
M83066,Hartshill Medical Centre
M83069,Mansion House Surgery
M83071,Park Medical Centre
M83084,Dr Robinson & Partners
M83092,Crown Surgery
M83094,Brook Medical Centre
M83148,The Peel Medical Practice
M83617,Darwin Medical Centre
M83627,Apsley Surgery
M83723,Loomer Road Surgery
M85005,The Park Medical Centre
M85011,The Swan Medical Centre
M85018,Yardley Wood Health Centre
M85027,Leach Heath Medical Centre
M85047,Woodland Road Surgery
M85053,The St.Clements Surgery
M85062,Shenley Green Surgery
M85078,Oakwood Surgery
M85105,Victoria Road Surgery
M85108,Small Heath Medical Practice
M85149,Alum Rock Medical Centre
M85634,Heathfield Family Centre
M85642,Cavendish Medical Practice
M85676,Victoria Road Medical Ctr
M85759,Nechells Practice
M88009,Norvic Family Practice
N81002,Kenmore Medical Centre
N81032,Ashfields Primary Care Centre
N81033,Alderley Edge Medical Centre
N81039,Oaklands
N81046,Park Medical Centre
N81070,Handforth Health Centre
N81077,The Health Centre (Holmes Chapel)
N81085,Park Lane Surgery
N83032,Millbrook Medical Centre
N83049,Kenneth Macrae Med Centre
P81008,Yorkshire Street Medical Centre
P81025,The Richmond Hill Practice
P81035,Colne Road Surgery
P81045,The Elms Practice
P81070,Pendle View Medical Ctre
P81078,Barnoldswick Med Ctr
P81179,Lostock Hall Medical Ctr.
P81674,Stanley Court Surgery
P81683,Olive Medical Centre
P81721,Hollins Grove Surgery
P84017,Ladybarn Group Practice
P84029,Benchill Medical Practice
P84043,Cornishway Group Practice
P84064,New Islington Medical Centre
P84630,The Arch Medical Practice
P85005,Leesbrook Surgery
P85013,The Royton & Crompton Family Practice,
P85016,Saddleworth Medical Practice
P85020,Springfield House
P85021,Greenbank Medical Practice
P85026,Quayside Medical Practice
P87019,Silverdale Medical Practice
P88005,Family Surgery
P88006,Marple Cottage Surgery
P88007,Cheadle Hulme Medical Group
P88008,Heaton Mersey Med.Pract.
P88012,Beech House Medical Pract
P88014,Adshall Road Medical Prac
P88015,Bramhall Health Centre
P88016,Bramhall & Shaw Heath Medical Group
P88018,Park View Group Practice
P88019,Alvanley Family Practice
P88020,Cheadle Medical Practice
P88021,Marple Medical Practice
P88025,Hulme Hall Medical Group
P88026,Heaton Moor Medical Group
P88041,The Village Surgery
P88043,Brinnington Surgery
P88606,Springfield Surgery
P88615,Vernon Park Surgery
P88625,Archwood Medical Practice
P89005,Lockside Medical Centre
P89015,Millgate Healthcare Partnership
P89023,St. Andrew'S House Surgery
P89025,Town Hall Surgery
P89026,Grosvenor Medical Centre
P91008,Shay Lane Medical Centre (Kelman)
P91021,Firsway Health Centre
P91026,Partington Family Practice
P91035,Conway Road Medical Practice
P91603,Barrington Medical Centre
P91623,Village Surgery
Y01127,Neetside Surgery
Y01132,Chartfield Surgery
Y02849,City Health Centre
Y02933,Hollinwood Medical Practice
Y05212,West Cheltenham Medical
Y05364,Bhf Lundwood Surgery
B81697,Dr P Suresh Babu
B82022,Great Ayton Surgery
B82054,Scarborough Medical Group
B82104,Harewood Medical Practice
C81662,Barlborough Medical Practice
C83058,Washingborough Surgery
C85003,Ashville Medical Centre Pms Practice
C86007,The Burns Practice
D83051,The Derby Road Practice
H84044,The Green & Fir Road
H85053,The Surgery-181 Carshalton Road
K82027,Purbeck Health Centre
K83007,Harborough Field Surgery
K83020,Rillwood Medical Centre
K83026,Albany House Medical Centre
L81082,Bedminster Family Practice
P84690,Dam Head Medical Centre
P85621,Sunvalley Medical Practice
P88002,Marple Bridge Surgery
P88003,Manor Medical Practice
P89014,Haughton Thornley Medical Centres
P89029,Market Street Medical Practice
Y00411,Dearne Valley Group Practice
F84747,The Barkantine Practice
F84062,The Chrisp Street Hth Ctr
F84121,E12 Health
F84009,Stratford Village Surgery
F84672,Leytonstone Road Medical Centre
L81047,West Walk Surgery
F84657,Cumberland Medical Centre
N81025,Firdale Medical Centre
F84014,Upton Lane Medical Centre
F84070,Lathom Road Medical Centre
P88632,Stockport Medical Group
F84730,Dr Pcl Knight
F84069,Well Street Surgery
M83023,Kidsgrove Medical Centre
F84636,The Surgery (Barretts Grove)
F84033,Somerford Grove Practice
A82045,Wigton Group Medical Practice
F83020,Adelaide Medical Centre
E83622,Temple Fortune Medical Group
F84060,Athena Medical Centre
P81018,St Fillan's Medical Ctre
N81088,Park Green Surgery
P87016,The Sides Medical Practice
F84619,The Riverside Practice
L85012,Wellington Medical Centre
F81015,Crocus Medical Practice
P81047,Parkside Surgery
P84640,Queens Medical Centre
F81118,John Tasker House Surgery
F81158,Dr Nasah & Partners
C82102,Manor House Surgery
K83017,Wansford
B82044,Stokesley Surgery
B82060,Eastgate Medical Group
F81111,Elsenham Surgery
F81090,Angel Lane Surgery
D82059,Birchwood Medical Practice
F81047,The Hamilton Practice
B82035,Scorton Medical Centre
F81131,Thaxted Surgery
C83082,Birchwood Medical Practice
F81216,The River Surgery
F81081,Queensway Medical Centre
F81106,The Ross Practice
B82034,Quakers Lane Surgery
F81078,Church Langley Medical Practice
C83026,The Deepings Practice
C82031,Johnson Medical Practice
C82028,Markfield Medical Centre
M84062,Vale Of Red Horse
G85705,The New Mill Street Surgery
P84644,Parkside Surgery
M81016,The Marches Surgery
Y00078,Winshill
P81655,The Village Surgeries Croston&Eccleston
M81068,Aylmer Lodge Cookley Partnership
M81005,Northumberland House Surgery
M86624,Jubilee Health Centre
M86015,Kenyon Medical Centres
M86020,Wood End Health Centre
M84031,Revel Surgery
M84004,Whitehall Medical Practice
M81094,Abbey Medical Practice
M81041,Hillview Medical Centre
M81604,Fownhope Medical Centre
P81040,Longton Health Centre
M81048,Nunwell Surgery
M81010,Kidderminster Medical Centre
M81092,The Bridge Surgery
M86035,Henley Green Medical Centre
M84012,Park Leys Medical Practice
M81020,The Dow Surgery
M81001,St Stephens Surgery
M86006,Jubilee Healthcare
M86029,Broomfield Park Med.Ctr.
M81076,Colwall Surgery
M81002,Elgar House
M81015,Stanmore House Surgery
M81018,Weobley & Staunton On Wye Surgeries
M81043,The Mortimer Medical Prac
M81054,Kington Medical Practice
M84043,Trinity Court Surgery
M81029,Barn Close Surgery
M81055,Cornhill Surgery
M81090,Chaddesley Surgery
Y06218,Brownsover Medical Centre
M83046,Biddulph Valley Surgery
M81617,Crabbs Cross Surgery
M81616,Crabbs Cross Medical Centre
M83109,Dr Manickam & Partner
Y04968,Farrier House Surgery
M81627,Demontfort Medical Centre
M81011,Ombersley Medical Centre
M81091,Corbett Medical Practice
M81008,Spring Gardens Group Medical Practice
M81629,New Court Surgery
M81006,Severn Valley Medical Practice
Y03602,Grey Gable Surgery
M81045,Knightwick Surgery
M81049,Barbourne Health Centre
M81047,Spa Medical Practice
M81024,Much Birch Surgery
M81019,Winyates Health Centre
M81046,Abbottswood Medical Centre
M81038,Dr. J Barrell & Partners
M86045,Paradise Medical Centre
M81032,Cantilupe Surgery
M81044,Alton Street Surgery
M81056,The Church Street Practice
M81027,Hagley Surgery
M81040,York House Medical Ctr.
M81057,Bewdley Medical Centre
M84011,Bedworth Health Centre
M81021,New Road Surgery Bromsgrove
M81063,St Johns House Surgery
M81034,Salters Medical Practice
M81083,Hollyoaks Medical Centre
M81061,Pendeen Surgery
M81007,Bredon Hill Surgery
B86019,Rutland Lodge Medical Centre
H82066,Fitzalan Medical Group
M81035,St Martin's Gate Surgery
M81004,Riverside Surgery
M81075,Malvern Health Centre
M81017,Elbury Moor Medical Centre
M81600,Cradley Surgery
M81064,Hollywood Medical Centre
M81074,Pershore Medical Practice
K82070,Stewkley Road Surgery
M81078,Barnt Green Surgery
M81608,Wolverley Surgery
K82001,Rectory Meadow Surgery
M81084,Catshill Village Surgery
M81077,The Ridgeway Surgery
M81039,Whiteacres Medical Centre
M81081,St Saviours Surgery
M81009,Golden Valley Practice
B84005,Rosegarth Surgery
M81033,Great Witley Surgery
M81093,Belmont Medical Centre
M81067,The Surgery Kingstone
M81070,Churchfields Surgery
F81207,Dr Bekas Medical Centre
M81066,Wargrave House Surgery
M84615,Chancery Lane Surgery
M81037,Thorneloe Lodge Surgery
P81096,Parbold Surgery
G82235,Old School Surgery
M84007,Dordon & Polesworth Group Practice
M81058,Merstow Green Medical Practice
P87658,The Willows Medical Practice
M81605,The Glebeland Surgery
M86008,The Gables Medicentre
M86039,Allesley Village Surgery
P81701,Preston Road Surgery
M84001,Red Roofs Surgery
M86622,Govind Health Centre
M84612,Station Street Surgery
M84609,Woodlands Surgery
M84065,Beech Tree Medical Practice
M84061,Bulkington Surgery
M86010,Forrest Medical Centre
M81042,Tenbury Surgery
M84618,Rugby Road Surgery
Y04884,Satis House
Y04969,Camp Hill Gp Led Health Centre
M84621,Queens Road Surgery
L82029,Narrowcliff Surgery
C88028,Broomhill Surgery
P85019,Royton Medical Centre
P85014,Hopwood House Medical Practice
P85002,St Mary's Medical Centre
P85003,The Chowdhury Practice
P85007,Oldham Family Practice
P85022,Lees Medical Practice
P85018,Danson Family Practice
P85015,Alexandra Group Med Pract
P85017,Oak Gables Medical Practice
H85057,Elborough Street Surgery
C88032,Charnock Health Primary Care Centre
P85012,Oldham Medical Services
C88015,Meadowgreen Health Centre
C88088,East Bank Medical Centre
C88022,Stonecroft Medical Centre
C88074,Deepcar Medical Centre
C88041,Woodseats Medical Centre
C88082,Carrfield Medical Centre
C88656,Stannington Medical Centre
C85623,Kingswell Surgery Pms Practice
C86626,Park View Surgery
P85620,St Chads Medical Practice
P85601,Jalal Practice
P85602,Saraf Medical Practice
K83056,County Surgery
C85028,Lundwood Medical Centre Pms Practice
P85610,Hossain Practice
P85615,Kapur Family Care
C85006,Woodland Drive Medical Centre
P85622,Jarvis Medical Practice
Y02875,Lindley House Health Centre
C85010,Hill Brow Surgery Pms Practice
D82043,Watlington Medical Centre
K83015,Danetre Medical Practice
C85614,Darton Health Centre Practice
K83068,Denton Village Surgery
K83031,Byfield Medical Centre
C85005,Royston Group Practice
B82609,Ampleforth Surgery
Y05291,Toftwood Medical Centre
C85622,Monk Bretton Health Centre Practice
K83625,Dr Oliver Dk
K83009,Moulton Surgery
C86002,The Ransome Practice
D82046,Church Hill Surgery
Y02827,John Street Medical Practice
Y02753,Hill Top Surgery
F83039,The Rise Group Practice
B81100,Dr Ac Milner
C85014,The Rose Tree Pms Practice
C86621,West End Clinic
B81034,Leven & Beeford Medical Practice
B86086,Laurel Bank Surgery
C86606,Barnburgh Surgery
C85001,Goldthorpe Medical Centre Pms Practice
C86003,Hatfield Health Centre
C86609,The Village Group Practice
C86616,Denaby Medical Practice
P85612,Werneth Medical Practice
L85013,Quantock Medical Centre
B82046,Staithes Surgery
C86021,White House Farm Medical Centre
K83064,The Saxon Spires Practice
B81063,Bridge Street Surgery
P85614,Village Medical Practice
A82005,Ambleside Health Centre
C86605,Askern Medical Practice
L85025,Cranleigh Gardens Medical Centre
M88633,Lodge Road Surgery
C85030,Wombwell Medical Centre Practice
P88011,Heaton Norris Health Ctr. 1
C86023,Bentley Surgery
B86673,Bramham Medical Centre
B81642,Dr Oz Qureshi
C82644,Dr Mk Lakhani's Practice
C86018,Northfield Surgery
Y05248,Brierley Medical Centre
L82056,The Mullion & Constantine Group Practice
B82050,Mowbray House Surgery
Y05363,Bhf Highgate Surgery
P88024,Gatley Medical Centre
N81069,Chelford Surgery
L84058,St. Catherine's Surgery
K83042,Park Ave Med Cnt & Kings Heath Practice
J82050,St Paul's Surgery
L81081,Pembroke Road Surgery
E84014,Bacon Lane Surgery
E86004,The Medical Centre
J81625,Denmark Road Medical Centre
J81014,Westbourne Medical Centre
M85024,The Limes Medical Centre
L83052,Castle Place Practice
M85021,Moseley Medical Centre
L81094,The Merrywood Practice
Y02578,Broadmead Medical Centre
L83055,Compass House Medical Centres
M83718,Peel Croft
M85074,Wake Green Surgery
L83013,Brunel Medical Practice
M86040,Walsgrave Health Centre
L83131,Pembroke Medical Group
K82022,Kingswood Surgery
L83094,Dartmouth Medical Practice
L83029,Southover Medical Practice
L83043,Leatside Surgery
L83103,Corner Place Surgery
L83118,Chelston Hall Surgery
M85721,Holyhead Primary Health Care Centre
M86027,The Cheylesmore Surgery
L82622,Westover Surgery
E83637,Colindale Medical Centre Lp
M86612,George Eliot Medical Centre
M86038,Bredon Avenue Surgery
M86037,Quinton Park Medical Centre
M84016,Wolston Surgery
M84616,Brookside Surgery
M85177,Swanswell Medical Centre
M85600,Kings Norton Surgery
Y00996,Meridian Practice
M91642,Queslett Medical Centre
C81092,Evelyn Medical Centre
L83049,Moretonhampstead Health Centre
L83085,Amicus Health
N81071,Greenmoss Medical Centre
Y02794,Oakleaf
M86021,Springfield Medical Practice
M85033,The Manor Practice
G82200,Wateringbury
B86003,Dr G Lees & Partners
L83014,Mayfield Medical Centre
M85803,Pearl Medical Centre
L83607,Old Farm Surgery
L83015,Oakside Surgery
L83112,West Hoe Surgery
C81075,Brailsford & Hulland Medical Practice
L83113,Budshead Medical Practice
Y04965,Malling Health At Foleshill
M85686,Dr Kulshrestha Family Practice
Y02633,Bow Medical Practice
L83071,Stoke Surgery
L83648,Peverell Park Surgery
M85020,Raydocs Newtown
M85715,Soho Road Primary Care Centre
M85098,Rotton Park Medical Centre
L83072,Friary House Surgery
L83016,St Thomas Medical Group
M85684,City Road Medical Centre
C81086,The Surgery Clifton Road
M86028,Central Medical Centre
M85782,University Southgate Practice
Y02893,Iridium Medical Practice, Richmond Pcc
M85008,The Poolway Medical Centre
M86005,Hillfields Health Centre - 1
M86617,City Of Coventry Health Centre
M85766,Balsall Heath Health Centre (S)
M85701,Burbury Medical Centre
M85123,Al-Shafa Medical Centre
B86030,Burton Croft Surgery
M85071,Wychall Lane Surgery
L83105,Castle Gardens Surgery
M85179,Maypole Health Surgery Y
M85060,The Oaks Medical Centre
L83120,Channel View Surgery
M85097,Cranes Park Road Surgery
L83082,Chagford Health Centre
L83024,Barnfield Hill Surgery
L83040,Pinhoe Surgery
Y00492,Summerfield Group Practice
C81653,Brook Medical Centre
L83019,Elm Surgery
L83657,Teign Estuary Medical Group
Y06378,Heath Street Health Centre
M85069,Laurie Pike Health Centre
C86025,Frances Street Medical Centre
L83146,Catherine House Surgery
L83008,Pathfields Medical Group
C82053,Hockley Farm Med Pract (A Nana)
L83068,Lynton Health Centre
C81039,Eyam Surgery
L83027,Croft Hall Medical Practice
L83111,Chilcote Practice
N81016,Millcroft Medical Centre
C82055,The Limes Medical Centre
C82051,Newbold Verdon Med.Pract.
M86633,Edgwick Medical Centre
M85746,Mirfield Surgery
Y03584,C/O The Limes Medical Centre
Y03597,Hamd Medical Practice
M85699,Coventry Road Medical Centre
M85153,Weather Oak Medical Centre
M85694,Garretts Green Lane Surgery
N81027,Readesmoor Medical Group Practice
L83051,Cricketfield Surgery
M85034,Omnia Practice
L83004,Kingsteignton Medical Practice
M89013,Arran Medical Centre
L83073,Brannam Medical Centre
M85178,Modality Enki Medical Practice
M85002,Handsworth Wood Med.Ctr.
L83057,Fremington Medical Centre
L83028,St Neots Surgery
D81055,Bottisham Medical Practice
L83002,Honiton Surgery
M86610,Dadhania Surgery
M85124,Bellevue Medical Centre
M85749,Surgery Aubery Road
L83095,Coleridge Medical Centre
M85016,Hillcrest Surgery
M89005,St. Margarets Medical Practice
C82678,Thurmaston Health Centre
M85167,University Medical Practice
L82017,St Mary's Health Centre
M85026,Ashfield Surgery
M89003,Gps Healthcare
Y04662,Cranbrook Medical Practice
C81060,Woodville Surgery
L83041,Westbank Practice
L83042,St Leonards Practice
C81002,The Valleys Medical Partnership
C81057,Willington Surgery
L83096,Combe Coastal Practice
L83075,South Brent Health Centre
C81013,Baslow Health Centre
L83147,Lisson Grove Medical Ctr.
L83021,Dean Cross Surgery
C86012,The Oakwood Surgery
L83088,Redfern Health Centre
L83673,Clock Tower Surgery
M86044,Park House
M86605,Limbrick Wood Surgery
M85001,Shah Zaman Surgery
C82079,South Wigston Health Ctr.
M89608,Hampton Surgery
Y00471,Broadway Health Centre
M85774,Springfield Surgery
L83086,Modbury Health Centre
C82020,De Montfort Surgery
C82032,Dr Nw Osborne's Practice
M85679,Charles Road Surgery
M85739,Pak Health Centre
M85023,Millennium Medical Centre
B81616,Dr Gt Hendow's Practice
M89007,Richmond Medical Centre
C85013,Wombwell Gms Practice
M85756,Springfield Medical Pract
C82050,Dr Nr Pulman's Practice
C82062,Barrow Health Centre
M85146,The Khattak Memorial Surgery
L83018,Beaumont Villa Surgery
L83030,North Road West Med.Ctr.
L83666,Buckland Surgery
D81645,The Grange Medical Centre
C82047,Maples Family Med.Pract.
L83056,Claremont Medical Practice
L83053,Rolle Medical Partnership
C82052,Dr Am Lewis' Practice
L83011,Budleigh Salterton Medical Practice
Y05733,Parkfields Surgery
M85035,Woodgate Valley Health Centre
M85145,The Slieve Surgery
L83064,Church View Surgery
C82021,The Central Surgery
L83136,Haldon House Surgery
L83106,Wooda Surgery
M85697,Church Road Surgery
L83639,Wembury Surgery
L83628,Imperial Surgery
M85770,The Sheldon Medical Centre
M85171,Rowlands Road Surgery
M85757,Soho Road Health Centre
C82048,Rosemead Drive Surgery
Y01068,Amaanah Medical Practice
L83044,Blackdown Practice
M85025,Bath Row Medical Practice
M85154,Finch Road Primary Care Centre
M85051,Firstcare Practice
L83070,Buckfastleigh Medical Centre
L83059,Norton Brook Medical Centre
L83035,Litchdon Medical Centre
C82025,The Wycliffe Medical Practice
C82084,Dr B Modi
L83134,Wyndham House Surgery
M85142,Keynell Covert
L83046,Devon Square Surgery
L83036,Topsham Surgery
C81062,Hannage Brook Medical Centre
L83050,Northam Surgery
M85041,Bournbrook Varsity Medical Centre
M85779,Aylesbury Surgery
C81655,Family Friendly Surgery
C82631,Enderby Medical Centre
L83097,Caen Medical Centre
M85624,Perry Park Surgery
C81096,Dr Ws Riddell's Practice
M85680,Cotterils Lane Surgery
C81097,College Street Medical Practice
C81066,Overdale Medical Practice
L82054,St. Agnes Surgery
L83010,Ashburton Surgery
C81010,The Moir Medical Centre
C81046,West Hallam Medical Ctr
M85735,Greet Medical Practice
M85136,Druids Heath Surgery
M85107,Firs Surgery
C81108,Melbourne & Chellaston Medical Practice
M85028,Lordswood House Group Medical Practice
M89024,Grafton Road Surgery
C81642,Park View Medical Centre
M85794,The Balaji Surgery, The Sparkbrook Chc
C81095,Dr Hr Mcmurray's Practice
Y05826,The Hill Gp Practice
L83116,Woodbury Surgery
C82614,Asquith Surgery
L83627,Raleigh Surgery
L83127,New Valley Practice
C82099,Al-Waqas Medical Centre
C82045,The Surgery
C82667,The Charnwood Practice
L83137,South Molton Medical Centre
M85783,Strensham Road Surgery
M89016,Balsall Common & Meriden Group Practice
M85055,Selly Oak Health Centre
Y05346,Westwood Primary Care Centre
L83115,Whipton Surgery
M88020,Sherwood House Medical Practice
L83007,Seaton & Colyton Medical Practice
L83054,Townsend House Medical Centre
M85711,City Health Centre
C82671,Dr Gandecha & Partner
M85156,River Brook Medical Centre
C82624,The Practice Beaumont Leys
L83098,Cheriton Bishop Surgery
C82094,Beaumont Lodge Medical Practice
C82088,Evington Medical Centre (C Kumar)
C82073,Merridale Medical Centre (Rp Tew)
C82659,Dr R Kapur & Partners
L83023,Mid Devon Medical Practice
M85155,Kingstanding Circle Surgery
M85113,Bucklands End Lane Surgery
L83076,Wycliffe Surgery
C82111,Nn Vaghela's Practice
C82653,Westcotes Gp Surgery (Two)
M85722,Naseby Medical Centre
E85029,The Medical Centre, Dr Jefferies & Partn
M85048,Church Road Surgery
L83058,Southernhay House Surgery
C82643,Community Health Centre (Zs Osama)
Y04977,Creswell And Langwith Medical Centre
C82620,Dr S Shafi
C82611,The Masharani Practice
L83039,Southway Surgery
L83655,Wonford Green Surgery
L83083,Bideford Medical Centre
M85079,Eden Court Medical Practice
C81040,Park Lane Surgery
M86032,Holbrooks Health Team
C81017,Arthur Medical Centre
Y02567,Hodge Hill Family Practice
M85669,Tudor Practice Stockland Green
C82019,Sturdee Road Health And Wellbeing Centre
C81638,Castle Street Medical Centre
Y00568,Foxhayes Practice
M85117,Bartley Green Medical Practice
L83663,Black Torrington Surgery
C81113,Mickleover Surgery
M85797,Hockley Medical Practice
M85042,Selly Park Surgery
C81616,Peartree Medical Centre
C82119,Narborough Road Surgery
C82656,Field Street Surgery
L83128,Bramblehaies Surgery
Y02442,St Thomas Road Surgery
Y02686,Bowling Green Street Surgery
M85733,Moor Green Lane Med.Ctr.
Y02469,Heron Gp Practice
M85070,Reservoir Road Surgery
C82092,Aylestone Health Centre
C82039,Kingsway Surgery
M89015,Northbrook Health Centre
M85009,Hamstead Road Surgery
M85164,Newport Medical Practice
C82098,Hazelmere Medical Centre
M85792,Cotmore Surgery
M85013,Church Lane - Khan
C82002,Countesthorpe Health Centre
M85716,Dr Khuroo's Practice
C85024,High Street Practice
C82660,St Peter's Med Centre (Mansingh & Mehra)
M85170,Gate Medical Centre
M84035,Westside Medical Centre
M85174,The Brook Surgery
M85141,Schoolacre Road Surgery
M85732,Bloomsbury Surgery
M85081,The Dove Medical Practice
M85139,Alpha Medical Practice
M85066,Ward End Medical Centre
C82610,The Parks Medical Centre (B Hainsworth)
M85670,Greenfield Medical Centre
C81652,Derwent Medical Centre
M85118,Baldwins Lane Surgery
M85693,Featherstone Medical Centre
Y00060,The Anchor Centre
M85115,Sutton Road Surgery
M85014,Kingsbury Road Medical Centre
M85094,Yardley Medical Centre
M85158,Apollo Surgery
Y05412,South Wigston Asylum Service
C82670,Inclusion Healthcare
C82676,St Elizabeth's Medical Centre (Ja Wood)
Y00344,Leicester City Assist Practice
F84122,Xx Place Health Centre
F84696,Tredegar Practice
F84640,The Neaman Practice
F84044,Harley Grove Medical Ctr.
F84124,The Project Surgery
F84006,The Shrewsbury Centre
F84666,The Ruiz Medical Practice
F84079,The Wapping Group Practice
F84004,Market Street Health Group
F86022,Ilford Medical Centre
F84717,Royal Docks Medical Practice
F84741,Dr T Krishnamurthy
F84053,Greengate Medical Centre
F84030,Ruston Street Clinic
F84720,Healy Medical Centre
F84677,East End Medical Centre
F84021,London Fields Medical Centre
F84632,The Greenhouse Walk-In
F84694,The Surgery (Brooke Road)
F84668,The Clapton Surgery
F82010,Petersfield Surgery
F84685,The Elm Practice
F84080,Fountayne Road Health Centre
F84711,Rosewood Practice
F82038,Dr Sz Haider's Practice
F84074,The Graham Practice
L85055,Axbridge Surgery
A82646,Longtown Medical Centre
M83123,Birches Head Medical Ctr.
A82055,Aspatria Medical Group
A82014,Caldbeck Surgery
A82029,The Croft Surgery
A82031,Shap Medical Practice
A82620,Glenridding Health Centre
A82004,Alston Medical Practice
A82012,Brampton Medical Practice
M83140,Higherland Surgery
F81048,Loughton Health Centre
M83701,Talke Pits Clinic
B82086,The Danby Practice
F84041,Southgate Road Medical Centre
F81009,The Gold Street Surgery
M83625,Dr Vsr Chadalavada
F81004,The Eden Surgeries
M83670,Keele Practice
F81619,Sydenham House Surgery
A82631,Court Thorn Surgery
F81027,Lister Medical Centre
B81030,Scartho Medical Centre
B82030,Dr Akester & Partners
B87004,Warrengate Medical Centre
C83002,Navenby Cliff Villages Surgery
F81053,Stansted Surgery
B82018,Escrick Surgery
F84714,St. Paul's Way Medical Ctr
F84010,St. Bartholomews Surgery
F84724,Woodgrange Medical Practice
F84016,The Mission Practice
F84698,Aberfeldy Practice
F84092,Glen Road Medical Centre
F84735,The Azad Practice
F82009,North Street Medical Care
F84669,Newham Medical Centre
F84097,Claremont Clinic
F84018,The Nightingale Practice
F82674,Cranham Health Centre
F82055,Hornchurch Healthcare
F82016,Central Park Surgery
F82660,Tulasi Medical Centre
F84072,De Beauvoir Surgery
C83080,The Harrowby Lane Surgery
C88096,Hackenthorpe Medical Centre
C88053,Falkland House Surgery
D82056,Elmham Surgery
C88062,Rustlings Road Medical Centre
D82068,Howdale Surgery
C83038,The Glebe Practice
C83062,Church Walk Surgery
C83029,Branston & Heighington Family Practice
C83003,Beechfield Medical Centre
C83631,The Spalding Gp Surgery
C83042,Marsh Medical Practice
C83067,Dr Longfield And Partners
C83061,North Thoresby Surgery
K83005,Queensway Medical Centre
K83044,Parklands Medical Centre
K83080,Higham Ferrers Surgery
K83040,Woodview Medical Centre
K83076,Weston Favell Medical Centre
K83621,Maple Access Partnership Llp
K83616,The Meadows Surgery
K83012,King Edward Road Surgery
K83048,Brook Medical Centre
K83601,Earls Barton Medical Centre
K83055,Wootton Medical Centre
K83025,The Mounts Medical Centre
K83019,The Long Buckby Practice
K83065,Nene Valley Surgery
K83618,Dr Abbas
K83607,Dr Sumira
E81612,Drs Mirza Sukhani & Partners
P85606,Moorside Medical Practice
M84019,The Atherstone Surgery
M84042,Hazelwood Group Practice
M84005,Chapel End Surgery
Y04882,Chaucer Surgery
K84066,Luther Street Medical Practice
P91019,Partington Central Surgery
P91631,Riddings Family Health Centre
P91617,Family Surgery
C81640,Simmondley Medical Practice
P91011,Shay Lane Medical Centre (Patel)
Y02713,Guide Bridge Medical Practice
Y02936,Millbrook Medical Practice
P89612,Mossley Medical Practice
C81081,Manor House Surgery
L85009,West Somerset Healthcare
E83034,Colney Hatch Lane Surgery
L85050,Luson
P88017,Chadsfield Medical Practice
P84663,The Neville Family Centre
C82035,Park View Surgery
C82097,Charnwood Surgery
P87035,Ordsall Health Surgery
Y03023,St Andrews Health Centre
F81108,Laindon Medical Group
F84034,St. Stephens Health Centre
F84055,The Grove Road Surgery
K84003,Islip Surgery
F86652,The Drive Surgery
F84710,Island Health
F86042,Balfour Road Surgery
F86625,Ll Medical Care Ltd
F84025,Gough Walk Practice
F86007,The Forest Edge Practice
J82035,St Clements Partnership
C84120,Chilwell Valley And Meadows Practice
J82130,Friarsgate Practice
P81130,Padiham Group Practice
P84014,Rk Medical Practice
P81735,Dr A Hussain
P81020,Burnley Group Practice
P81015,Lytham Road Surgery
P81095,Thursby Surgery
P81197,Rosegrove Surgery
P81694,Family Practice
P81692,Beeches Medical Centre
P81668,Fleetwood Surgery
F82670,Jabbar
P81062,Regent House Surgery
C85007,The Dove Valley Pms Practice
A82027,Station House Surgery
P81010,Withnell Health Centre
P81038,The Chorley Surgery
P81136,Dr A Bisarya
P81710,Tarleton Group Practice
P81770,Avenham Surgery
P81687,New Longton Surgery
P81184,Ribbleton Medical Centre
P81160,Oswald Medical Centre
P81780,Riverside Family Practice
P81169,Fishergate Hill Surgery
P81154,Granville House Med Ctre
P84046,Cheetham Hill Primary Care Centre
P81157,Fernbank Surgery
P81737,The Old Links Surgery
P81086,Broadway Medical Centre
P81031,Poplar House Surgery
P81704,Blakewater Health Centre
A82053,Nutwood Medical Practice
P81171,The Euxton Medical Centre
P81181,Kingsfold Medical Centre
N81053,Earnswood Medical Centre
P81695,Aughton Surgery
A82039,Dalton Surgery
P81138,Burscough Family Practice
P81646,Lathom House Surgery
C82040,Orchard Surgery
A82072,Risedale Surgery
A82062,Atkinson Health Centre
A82009,Bridgegate Medical Centre
D81061,George Clare Surgery
A82010,Abbey Road Surgery
P81771,Dr Rc Rautray's Practice
A82007,Duke Street Surgery
P81165,Ightenhill Medical Centre
A82071,Burnett Edgar Medical Ctr
A82077,Liverpool House Surgery
L83081,Yealm Medical Centre
A82033,Waterloo House Surgery
P81067,The Healthcare Centre
P81147,Blackburn Rd Medical Centre
L83148,Chillington Health Centre
B82628,Hunmanby Surgery
P81738,Great Harwood Surgery
E82132,Roysia Surgery
C84035,Crown House Surgery
Y00347,Dr R Baghdjian Surgery
P81084,Hall Green Surgery
A82046,Windermere Health Centre
J81003,Winton Health Centre
P81143,Whittle Surgery
A82647,Cartmel Surgery
A82030,Lunesdale Surgery
P81757,Barrowford Surgery
A82651,Duddon Valley Medical Practice
A82613,Wraysdale House Surgery
A82037,Silloth Group Medical Practice
L85020,Beckington Family Practice
G82229,Sutton Valence Group Practice
J82099,Richmond Surgery
L85006,Crown Medical Centre
D81049,Spinney Surgery
D81615,Thorpe Road
G82085,Snodland Medical Practice
G82135,West Malling Group Practice
G82083,Thornhills Medical Practice
F84083,Bethnal Green Health Ctr.
F86034,Green Lane Goodmayes Medical Practice
F86698,Cranbrook Surgery
F82021,The New Medical Centre
F86703,The Redbridge Surgery
F82014,Kucchai
F82013,Western Road Medical Centre
K81020,Claremont Holyport Surgery
L85001,French Weir Health Centre
M84023,Central Surgery
Y01291,Chingford Medical Practice
C85016,Dr Mellor & Partners
D82104,Acle Medical Partnership
M83012,Leek Health Centre