A84024,BURN BRAE MEDICAL GROUP,https://burnbraemedicalgroup.appointments-online.co.uk
D81027,WELLSIDE SURGERY,https://wellside-surgery.appointments-online.co.uk
E83020,ST. GEORGES MEDICAL CENTRE,https://st-georges-medical-centre.appointments-online.co.uk
G81061,CHAPEL STREET SURGERY,https://chapel-street-surgery.appointments-online.co.uk       
G82105,BETHESDA MEDICAL CENTRE,https://bethesda-medical-centre.appointments-online.co.uk
G85039,PAXTON GREEN GROUP PRACTICE,https://paxtongreen.appointments-online.co.uk
G85137,BROCKWELL PARK SURGERY,https://brockwell-park-surgery.appointments-online.co.uk
H81009,STUDHOLME MEDICAL CENTRE,https://studholme-medical-centre.appointments-online.co.uk
J82017,THE ANDOVER HEALTH CENTRE MEDICAL PRACT,https://the-andover-health-centre-medical-practice.appointments-online.co.uk
J82020,ARCHERS PRACTICE,https://archers-practice.appointments-online.co.uk
J82042,BADGERSWOOD SURGERY,https://badgerswood-and-forest-surgery.appointments-online.co.uk
J82169,BOYATT WOOD SURGERY,https://boyatt-wood.appointments-online.co.uk
K84075,BROADSHIRES HEALTH CENTRE,https://the-broadshires-health-centre.appointments-online.co.uk
L85008,FROME MEDICAL CENTRE,https://fromemedicalpractice.appointments-online.co.uk
L85016,BURNHAM MEDICAL CENTRE,https://burnhamberrowmedicalcentre.appointments-online.co.uk
L85021,COLLEGE WAY SURGERY,https://college-way-surgery.appointments-online.co.uk
L85025,CRANLEIGH GARDENS MEDICAL CENTRE,https://cranleigh-gardens-mc.appointments-online.co.uk
L85035,EAST QUAY MEDICAL CENTRE,https://eqmc.appointments-online.co.uk
M81004,RIVERSIDE SURGERY,https://the-riverside-surgery-evesham.appointments-online.co.uk
M81037,THORNELOE LODGE SURGERY,https://thorneloe-lodge-surgery.appointments-online.co.uk
