odsCode,grouping
K83047,area_northhampton
K83048,area_northhampton
K83049,area_northhampton
K83050,area_northhampton
K83051,area_northhampton
K83052,area_northhampton
K83053,area_northhampton
K83055,area_northhampton
K83056,area_northhampton
K83059,area_northhampton
K83064,area_northhampton
K83065,area_northhampton
K83066,area_northhampton
K83068,area_northhampton
K83069,area_northhampton
K83070,area_northhampton
K83076,area_northhampton
K83077,area_northhampton
K83079,area_northhampton
K83080,area_northhampton
K83081,area_northhampton
K83601,area_northhampton
K83607,area_northhampton
K83610,area_northhampton
K83614,area_northhampton
K83616,area_northhampton
K83618,area_northhampton
K83620,area_northhampton
K83621,area_northhampton
K83622,area_northhampton
K83625,area_northhampton
Y00399,area_northhampton
Y01139,area_northhampton
C81018,area_staffordshire
M83001,area_staffordshire
M83004,area_staffordshire
M83005,area_staffordshire
M83006,area_staffordshire
M83007,area_staffordshire
M83009,area_staffordshire
M83010,area_staffordshire
M83011,area_staffordshire
M83012,area_staffordshire
M83013,area_staffordshire
M83014,area_staffordshire
M83015,area_staffordshire
M83016,area_staffordshire
M83017,area_staffordshire
M83018,area_staffordshire
M83020,area_staffordshire
M83021,area_staffordshire
M83022,area_staffordshire
M83023,area_staffordshire
M83024,area_staffordshire
M83025,area_staffordshire
M83026,area_staffordshire
M83027,area_staffordshire
M83028,area_staffordshire
M83030,area_staffordshire
M83031,area_staffordshire
M83032,area_staffordshire
M83033,area_staffordshire
M83034,area_staffordshire
M83035,area_staffordshire
M83036,area_staffordshire
M83037,area_staffordshire
M83038,area_staffordshire
M83042,area_staffordshire
M83044,area_staffordshire
M83045,area_staffordshire
M83046,area_staffordshire
M83047,area_staffordshire
M83048,area_staffordshire
M83049,area_staffordshire
M83050,area_staffordshire
M83051,area_staffordshire
M83052,area_staffordshire
M83054,area_staffordshire
M83056,area_staffordshire
M83057,area_staffordshire
M83059,area_staffordshire
M83061,area_staffordshire
M83062,area_staffordshire
M83063,area_staffordshire
M83065,area_staffordshire
M83066,area_staffordshire
M83067,area_staffordshire
M83068,area_staffordshire
M83069,area_staffordshire
M83070,area_staffordshire
M83071,area_staffordshire
M83072,area_staffordshire
M83073,area_staffordshire
M83074,area_staffordshire
M83075,area_staffordshire
M83076,area_staffordshire
M83079,area_staffordshire
M83082,area_staffordshire
M83084,area_staffordshire
M83088,area_staffordshire
M83089,area_staffordshire
M83090,area_staffordshire
M83092,area_staffordshire
M83093,area_staffordshire
M83094,area_staffordshire
M83096,area_staffordshire
M83097,area_staffordshire
M83100,area_staffordshire
M83102,area_staffordshire
M83103,area_staffordshire
M83107,area_staffordshire
M83108,area_staffordshire
M83109,area_staffordshire
M83110,area_staffordshire
M83111,area_staffordshire
M83113,area_staffordshire
M83117,area_staffordshire
M83121,area_staffordshire
M83122,area_staffordshire
M83123,area_staffordshire
M83125,area_staffordshire
M83126,area_staffordshire
M83127,area_staffordshire
M83129,area_staffordshire
M83130,area_staffordshire
M83132,area_staffordshire
M83138,area_staffordshire
M83139,area_staffordshire
M83140,area_staffordshire
M83141,area_staffordshire
M83143,area_staffordshire
M83146,area_staffordshire
M83148,area_staffordshire
M83601,area_staffordshire
M83608,area_staffordshire
M83616,area_staffordshire
M83617,area_staffordshire
M83619,area_staffordshire
M83623,area_staffordshire
M83624,area_staffordshire
M83625,area_staffordshire
M83627,area_staffordshire
M83632,area_staffordshire
M83637,area_staffordshire
M83638,area_staffordshire
M83640,area_staffordshire
M83641,area_staffordshire
M83650,area_staffordshire
M83661,area_staffordshire
M83668,area_staffordshire
M83670,area_staffordshire
M83680,area_staffordshire
M83681,area_staffordshire
M83682,area_staffordshire
M83691,area_staffordshire
M83693,area_staffordshire
M83697,area_staffordshire
M83698,area_staffordshire
M83700,area_staffordshire
M83701,area_staffordshire
M83703,area_staffordshire
M83705,area_staffordshire
M83706,area_staffordshire
M83709,area_staffordshire
M83711,area_staffordshire
M83713,area_staffordshire
M83715,area_staffordshire
M83717,area_staffordshire
M83718,area_staffordshire
M83719,area_staffordshire
M83723,area_staffordshire
M83725,area_staffordshire
M83727,area_staffordshire
M83738,area_staffordshire
Y00078,area_staffordshire
Y02354,area_staffordshire
Y02414,area_staffordshire
Y02521,area_staffordshire
Y02594,area_staffordshire
Y02867,area_staffordshire
E87002,area_westminster
E87005,area_westminster
E87006,area_westminster
E87008,area_westminster
E87009,area_westminster
E87010,area_westminster
E87011,area_westminster
E87034,area_westminster
E87037,area_westminster
E87038,area_westminster
E87046,area_westminster
E87052,area_westminster
E87069,area_westminster
E87070,area_westminster
E87609,area_westminster
E87637,area_westminster
E87648,area_westminster
E87663,area_westminster
E87677,area_westminster
E87681,area_westminster
E87691,area_westminster
E87694,area_westminster
E87714,area_westminster
E87722,area_westminster
E87737,area_westminster
E87739,area_westminster
E87740,area_westminster
E87741,area_westminster
E87745,area_westminster
E87751,area_westminster
E87753,area_westminster
E87754,area_westminster
E87755,area_westminster
E87756,area_westminster
E87768,area_westminster
E87772,area_westminster
Y00902,area_westminster
Y02260,area_westminster
Y02842,area_westminster
E81002,ccg_bedfordshire
E81003,ccg_bedfordshire
E81004,ccg_bedfordshire
E81005,ccg_bedfordshire
E81007,ccg_bedfordshire
E81008,ccg_bedfordshire
E81009,ccg_bedfordshire
E81010,ccg_bedfordshire
E81012,ccg_bedfordshire
E81013,ccg_bedfordshire
E81014,ccg_bedfordshire
E81015,ccg_bedfordshire
E81016,ccg_bedfordshire
E81018,ccg_bedfordshire
E81019,ccg_bedfordshire
E81021,ccg_bedfordshire
E81022,ccg_bedfordshire
E81024,ccg_bedfordshire
E81025,ccg_bedfordshire
E81027,ccg_bedfordshire
E81028,ccg_bedfordshire
E81029,ccg_bedfordshire
E81030,ccg_bedfordshire
E81031,ccg_bedfordshire
E81032,ccg_bedfordshire
E81033,ccg_bedfordshire
E81034,ccg_bedfordshire
E81035,ccg_bedfordshire
E81036,ccg_bedfordshire
E81037,ccg_bedfordshire
E81038,ccg_bedfordshire
E81040,ccg_bedfordshire
E81041,ccg_bedfordshire
E81043,ccg_bedfordshire
E81044,ccg_bedfordshire
E81045,ccg_bedfordshire
E81046,ccg_bedfordshire
E81047,ccg_bedfordshire
E81048,ccg_bedfordshire
E81049,ccg_bedfordshire
E81050,ccg_bedfordshire
E81052,ccg_bedfordshire
E81057,ccg_bedfordshire
E81060,ccg_bedfordshire
E81061,ccg_bedfordshire
E81063,ccg_bedfordshire
E81064,ccg_bedfordshire
E81065,ccg_bedfordshire
E81069,ccg_bedfordshire
E81073,ccg_bedfordshire
E81074,ccg_bedfordshire
E81076,ccg_bedfordshire
E81077,ccg_bedfordshire
E81612,ccg_bedfordshire
E81615,ccg_bedfordshire
E81631,ccg_bedfordshire
E81632,ccg_bedfordshire
E81633,ccg_bedfordshire
E81635,ccg_bedfordshire
Y00260,ccg_bedfordshire
Y00328,ccg_bedfordshire
Y00522,ccg_bedfordshire
Y00560,ccg_bedfordshire
Y00561,ccg_bedfordshire
Y02332,ccg_bedfordshire
Y02463,ccg_bedfordshire
E84002,ccg_brent
E84003,ccg_brent
E84006,ccg_brent
E84007,ccg_brent
E84011,ccg_brent
E84013,ccg_brent
E84015,ccg_brent
E84017,ccg_brent
E84020,ccg_brent
E84021,ccg_brent
E84025,ccg_brent
E84028,ccg_brent
E84030,ccg_brent
E84031,ccg_brent
E84032,ccg_brent
E84033,ccg_brent
E84036,ccg_brent
E84042,ccg_brent
E84048,ccg_brent
E84049,ccg_brent
E84051,ccg_brent
E84063,ccg_brent
E84066,ccg_brent
E84067,ccg_brent
E84074,ccg_brent
E84076,ccg_brent
E84077,ccg_brent
E84078,ccg_brent
E84080,ccg_brent
E84083,ccg_brent
E84086,ccg_brent
E84620,ccg_brent
E84626,ccg_brent
E84635,ccg_brent
E84637,ccg_brent
E84638,ccg_brent
E84645,ccg_brent
E84656,ccg_brent
E84665,ccg_brent
E84667,ccg_brent
E84674,ccg_brent
E84678,ccg_brent
E84684,ccg_brent
E84685,ccg_brent
E84696,ccg_brent
E84699,ccg_brent
E84701,ccg_brent
E84702,ccg_brent
E84704,ccg_brent
E84709,ccg_brent
Y00206,ccg_brent
Y01090,ccg_brent
Y02692,ccg_brent
G81018,ccg_brighton
G81036,ccg_brighton
G81038,ccg_brighton
G81042,ccg_brighton
G81646,ccg_brighton
G81001,ccg_brighton
G81002,ccg_brighton
G81003,ccg_brighton
G81004,ccg_brighton
G81008,ccg_brighton
G81011,ccg_brighton
G81012,ccg_brighton
G81014,ccg_brighton
G81016,ccg_brighton
G81017,ccg_brighton
G81019,ccg_brighton
G81021,ccg_brighton
G81022,ccg_brighton
G81023,ccg_brighton
G81025,ccg_brighton
G81026,ccg_brighton
G81027,ccg_brighton
G81028,ccg_brighton
G81029,ccg_brighton
G81031,ccg_brighton
G81032,ccg_brighton
G81034,ccg_brighton
G81035,ccg_brighton
G81039,ccg_brighton
G81044,ccg_brighton
G81045,ccg_brighton
G81046,ccg_brighton
G81047,ccg_brighton
G81048,ccg_brighton
G81049,ccg_brighton
G81051,ccg_brighton
G81052,ccg_brighton
G81053,ccg_brighton
G81054,ccg_brighton
G81057,ccg_brighton
G81059,ccg_brighton
G81061,ccg_brighton
G81065,ccg_brighton
G81070,ccg_brighton
G81071,ccg_brighton
G81073,ccg_brighton
G81074,ccg_brighton
G81076,ccg_brighton
G81077,ccg_brighton
G81082,ccg_brighton
G81083,ccg_brighton
G81084,ccg_brighton
G81085,ccg_brighton
G81087,ccg_brighton
G81088,ccg_brighton
G81089,ccg_brighton
G81095,ccg_brighton
G81096,ccg_brighton
G81098,ccg_brighton
G81099,ccg_brighton
G81100,ccg_brighton
G81102,ccg_brighton
G81104,ccg_brighton
G81105,ccg_brighton
G81614,ccg_brighton
G81638,ccg_brighton
G81641,ccg_brighton
G81656,ccg_brighton
G81658,ccg_brighton
G81663,ccg_brighton
G81667,ccg_brighton
G81669,ccg_brighton
G81680,ccg_brighton
G81684,ccg_brighton
G81694,ccg_brighton
H82003,ccg_brighton
H82004,ccg_brighton
H82005,ccg_brighton
H82006,ccg_brighton
H82007,ccg_brighton
H82008,ccg_brighton
H82010,ccg_brighton
H82011,ccg_brighton
H82012,ccg_brighton
H82013,ccg_brighton
H82014,ccg_brighton
H82015,ccg_brighton
H82016,ccg_brighton
H82020,ccg_brighton
H82022,ccg_brighton
H82023,ccg_brighton
H82025,ccg_brighton
H82026,ccg_brighton
H82027,ccg_brighton
H82028,ccg_brighton
H82029,ccg_brighton
H82030,ccg_brighton
H82031,ccg_brighton
H82032,ccg_brighton
H82033,ccg_brighton
H82034,ccg_brighton
H82035,ccg_brighton
H82036,ccg_brighton
H82037,ccg_brighton
H82038,ccg_brighton
H82039,ccg_brighton
H82040,ccg_brighton
H82041,ccg_brighton
H82042,ccg_brighton
H82043,ccg_brighton
H82044,ccg_brighton
H82045,ccg_brighton
H82046,ccg_brighton
H82047,ccg_brighton
H82049,ccg_brighton
H82050,ccg_brighton
H82051,ccg_brighton
H82052,ccg_brighton
H82053,ccg_brighton
H82055,ccg_brighton
H82057,ccg_brighton
H82058,ccg_brighton
H82059,ccg_brighton
H82060,ccg_brighton
H82061,ccg_brighton
H82063,ccg_brighton
H82064,ccg_brighton
H82065,ccg_brighton
H82066,ccg_brighton
H82067,ccg_brighton
H82070,ccg_brighton
H82072,ccg_brighton
H82076,ccg_brighton
H82077,ccg_brighton
H82078,ccg_brighton
H82083,ccg_brighton
H82084,ccg_brighton
H82087,ccg_brighton
H82088,ccg_brighton
H82089,ccg_brighton
H82091,ccg_brighton
H82092,ccg_brighton
H82095,ccg_brighton
H82096,ccg_brighton
H82098,ccg_brighton
H82099,ccg_brighton
H82100,ccg_brighton
H82615,ccg_brighton
H82621,ccg_brighton
H82640,ccg_brighton
Y00080,ccg_brighton
Y00351,ccg_brighton
Y02676,ccg_brighton
Y02816,ccg_brighton
Y03051,ccg_brighton
Y05078,ccg_brighton
Y06007,ccg_brighton
G81006,ccg_brighton
G81041,ccg_brighton
G81050,ccg_brighton
G81056,ccg_brighton
G81075,ccg_brighton
G81090,ccg_brighton
G81613,ccg_brighton
G81689,ccg_brighton
H82009,ccg_brighton
H82017,ccg_brighton
H82021,ccg_brighton
H82048,ccg_brighton
H82056,ccg_brighton
E87045,ccg_central_london
E87066,ccg_central_london
N81001,ccg_cheshire
N81002,ccg_cheshire
N81008,ccg_cheshire
N81010,ccg_cheshire
N81013,ccg_cheshire
N81016,ccg_cheshire
N81022,ccg_cheshire
N81026,ccg_cheshire
N81027,ccg_cheshire
N81029,ccg_cheshire
N81032,ccg_cheshire
N81033,ccg_cheshire
N81039,ccg_cheshire
N81040,ccg_cheshire
N81042,ccg_cheshire
N81043,ccg_cheshire
N81044,ccg_cheshire
N81047,ccg_cheshire
N81049,ccg_cheshire
N81052,ccg_cheshire
N81053,ccg_cheshire
N81062,ccg_cheshire
N81067,ccg_cheshire
N81068,ccg_cheshire
N81069,ccg_cheshire
N81070,ccg_cheshire
N81071,ccg_cheshire
N81077,ccg_cheshire
N81084,ccg_cheshire
N81085,ccg_cheshire
N81086,ccg_cheshire
N81087,ccg_cheshire
N81088,ccg_cheshire
N81090,ccg_cheshire
N81111,ccg_cheshire
N81118,ccg_cheshire
N81127,ccg_cheshire
N81614,ccg_cheshire
N81632,ccg_cheshire
N81642,ccg_cheshire
Y05750,ccg_cheshire
C81001,ccg_derbyshire
C81002,ccg_derbyshire
C81003,ccg_derbyshire
C81004,ccg_derbyshire
C81005,ccg_derbyshire
C81006,ccg_derbyshire
C81007,ccg_derbyshire
C81008,ccg_derbyshire
C81009,ccg_derbyshire
C81010,ccg_derbyshire
C81012,ccg_derbyshire
C81013,ccg_derbyshire
C81014,ccg_derbyshire
C81015,ccg_derbyshire
C81016,ccg_derbyshire
C81017,ccg_derbyshire
C81019,ccg_derbyshire
C81020,ccg_derbyshire
C81021,ccg_derbyshire
C81022,ccg_derbyshire
C81023,ccg_derbyshire
C81025,ccg_derbyshire
C81026,ccg_derbyshire
C81027,ccg_derbyshire
C81028,ccg_derbyshire
C81029,ccg_derbyshire
C81030,ccg_derbyshire
C81031,ccg_derbyshire
C81032,ccg_derbyshire
C81033,ccg_derbyshire
C81034,ccg_derbyshire
C81035,ccg_derbyshire
C81036,ccg_derbyshire
C81037,ccg_derbyshire
C81038,ccg_derbyshire
C81039,ccg_derbyshire
C81040,ccg_derbyshire
C81041,ccg_derbyshire
C81042,ccg_derbyshire
C81044,ccg_derbyshire
C81045,ccg_derbyshire
C81046,ccg_derbyshire
C81047,ccg_derbyshire
C81048,ccg_derbyshire
C81049,ccg_derbyshire
C81050,ccg_derbyshire
C81051,ccg_derbyshire
C81052,ccg_derbyshire
C81053,ccg_derbyshire
C81054,ccg_derbyshire
C81055,ccg_derbyshire
C81056,ccg_derbyshire
C81057,ccg_derbyshire
C81058,ccg_derbyshire
C81059,ccg_derbyshire
C81060,ccg_derbyshire
C81061,ccg_derbyshire
C81062,ccg_derbyshire
C81063,ccg_derbyshire
C81064,ccg_derbyshire
C81065,ccg_derbyshire
C81066,ccg_derbyshire
C81067,ccg_derbyshire
C81068,ccg_derbyshire
C81069,ccg_derbyshire
C81070,ccg_derbyshire
C81071,ccg_derbyshire
C81072,ccg_derbyshire
C81073,ccg_derbyshire
C81074,ccg_derbyshire
C81075,ccg_derbyshire
C81076,ccg_derbyshire
C81080,ccg_derbyshire
C81082,ccg_derbyshire
C81083,ccg_derbyshire
C81084,ccg_derbyshire
C81086,ccg_derbyshire
C81087,ccg_derbyshire
C81089,ccg_derbyshire
C81090,ccg_derbyshire
C81091,ccg_derbyshire
C81092,ccg_derbyshire
C81094,ccg_derbyshire
C81095,ccg_derbyshire
C81096,ccg_derbyshire
C81097,ccg_derbyshire
C81099,ccg_derbyshire
C81101,ccg_derbyshire
C81104,ccg_derbyshire
C81108,ccg_derbyshire
C81110,ccg_derbyshire
C81113,ccg_derbyshire
C81114,ccg_derbyshire
C81115,ccg_derbyshire
C81118,ccg_derbyshire
C81604,ccg_derbyshire
C81611,ccg_derbyshire
C81616,ccg_derbyshire
C81634,ccg_derbyshire
C81638,ccg_derbyshire
C81642,ccg_derbyshire
C81647,ccg_derbyshire
C81648,ccg_derbyshire
C81649,ccg_derbyshire
C81652,ccg_derbyshire
C81653,ccg_derbyshire
C81655,ccg_derbyshire
C81658,ccg_derbyshire
C81661,ccg_derbyshire
C81662,ccg_derbyshire
C81672,ccg_derbyshire
Y01812,ccg_derbyshire
Y01994,ccg_derbyshire
Y02442,ccg_derbyshire
Y02490,ccg_derbyshire
Y04977,ccg_derbyshire
Y04995,ccg_derbyshire
Y05286,ccg_derbyshire
Y05733,ccg_derbyshire
Y06163,ccg_derbyshire
Y06164,ccg_derbyshire
L83001,ccg_devon
L83002,ccg_devon
L83003,ccg_devon
L83004,ccg_devon
L83005,ccg_devon
L83006,ccg_devon
L83007,ccg_devon
L83008,ccg_devon
L83009,ccg_devon
L83010,ccg_devon
L83011,ccg_devon
L83012,ccg_devon
L83013,ccg_devon
L83014,ccg_devon
L83015,ccg_devon
L83016,ccg_devon
L83017,ccg_devon
L83018,ccg_devon
L83019,ccg_devon
L83020,ccg_devon
L83021,ccg_devon
L83022,ccg_devon
L83023,ccg_devon
L83024,ccg_devon
L83025,ccg_devon
L83026,ccg_devon
L83027,ccg_devon
L83028,ccg_devon
L83029,ccg_devon
L83030,ccg_devon
L83031,ccg_devon
L83032,ccg_devon
L83033,ccg_devon
L83034,ccg_devon
L83035,ccg_devon
L83036,ccg_devon
L83037,ccg_devon
L83038,ccg_devon
L83039,ccg_devon
L83040,ccg_devon
L83041,ccg_devon
L83042,ccg_devon
L83043,ccg_devon
L83044,ccg_devon
L83045,ccg_devon
L83046,ccg_devon
L83047,ccg_devon
L83048,ccg_devon
L83049,ccg_devon
L83050,ccg_devon
L83051,ccg_devon
L83052,ccg_devon
L83053,ccg_devon
L83054,ccg_devon
L83055,ccg_devon
L83056,ccg_devon
L83057,ccg_devon
L83058,ccg_devon
L83059,ccg_devon
L83061,ccg_devon
L83063,ccg_devon
L83064,ccg_devon
L83065,ccg_devon
L83066,ccg_devon
L83067,ccg_devon
L83068,ccg_devon
L83069,ccg_devon
L83070,ccg_devon
L83071,ccg_devon
L83072,ccg_devon
L83073,ccg_devon
L83074,ccg_devon
L83075,ccg_devon
L83076,ccg_devon
L83077,ccg_devon
L83078,ccg_devon
L83079,ccg_devon
L83080,ccg_devon
L83081,ccg_devon
L83082,ccg_devon
L83083,ccg_devon
L83084,ccg_devon
L83085,ccg_devon
L83086,ccg_devon
L83087,ccg_devon
L83088,ccg_devon
L83089,ccg_devon
L83091,ccg_devon
L83092,ccg_devon
L83093,ccg_devon
L83094,ccg_devon
L83095,ccg_devon
L83096,ccg_devon
L83097,ccg_devon
L83098,ccg_devon
L83099,ccg_devon
L83100,ccg_devon
L83101,ccg_devon
L83102,ccg_devon
L83103,ccg_devon
L83105,ccg_devon
L83106,ccg_devon
L83107,ccg_devon
L83108,ccg_devon
L83109,ccg_devon
L83110,ccg_devon
L83111,ccg_devon
L83112,ccg_devon
L83113,ccg_devon
L83115,ccg_devon
L83116,ccg_devon
L83117,ccg_devon
L83118,ccg_devon
L83120,ccg_devon
L83121,ccg_devon
L83122,ccg_devon
L83123,ccg_devon
L83125,ccg_devon
L83126,ccg_devon
L83127,ccg_devon
L83128,ccg_devon
L83129,ccg_devon
L83130,ccg_devon
L83131,ccg_devon
L83132,ccg_devon
L83133,ccg_devon
L83134,ccg_devon
L83135,ccg_devon
L83136,ccg_devon
L83137,ccg_devon
L83138,ccg_devon
L83139,ccg_devon
L83141,ccg_devon
L83143,ccg_devon
L83144,ccg_devon
L83145,ccg_devon
L83146,ccg_devon
L83147,ccg_devon
L83148,ccg_devon
L83149,ccg_devon
L83601,ccg_devon
L83607,ccg_devon
L83608,ccg_devon
L83613,ccg_devon
L83614,ccg_devon
L83616,ccg_devon
L83617,ccg_devon
L83618,ccg_devon
L83622,ccg_devon
L83624,ccg_devon
L83625,ccg_devon
L83626,ccg_devon
L83627,ccg_devon
L83628,ccg_devon
L83629,ccg_devon
L83630,ccg_devon
L83632,ccg_devon
L83633,ccg_devon
L83635,ccg_devon
L83636,ccg_devon
L83637,ccg_devon
L83639,ccg_devon
L83640,ccg_devon
L83642,ccg_devon
L83643,ccg_devon
L83644,ccg_devon
L83646,ccg_devon
L83647,ccg_devon
L83648,ccg_devon
L83650,ccg_devon
L83651,ccg_devon
L83652,ccg_devon
L83654,ccg_devon
L83655,ccg_devon
L83657,ccg_devon
L83658,ccg_devon
L83661,ccg_devon
L83663,ccg_devon
L83664,ccg_devon
L83666,ccg_devon
L83670,ccg_devon
L83672,ccg_devon
L83673,ccg_devon
E84059,ccg_ealing
E85006,ccg_ealing
E85012,ccg_ealing
E85013,ccg_ealing
E85014,ccg_ealing
E85019,ccg_ealing
E85021,ccg_ealing
E85023,ccg_ealing
E85026,ccg_ealing
E85028,ccg_ealing
E85034,ccg_ealing
E85041,ccg_ealing
E85046,ccg_ealing
E85049,ccg_ealing
E85050,ccg_ealing
E85051,ccg_ealing
E85053,ccg_ealing
E85054,ccg_ealing
E85057,ccg_ealing
E85061,ccg_ealing
E85064,ccg_ealing
E85066,ccg_ealing
E85069,ccg_ealing
E85075,ccg_ealing
E85083,ccg_ealing
E85088,ccg_ealing
E85090,ccg_ealing
E85091,ccg_ealing
E85096,ccg_ealing
E85098,ccg_ealing
E85099,ccg_ealing
E85103,ccg_ealing
E85105,ccg_ealing
E85107,ccg_ealing
E85108,ccg_ealing
E85109,ccg_ealing
E85111,ccg_ealing
E85112,ccg_ealing
E85116,ccg_ealing
E85119,ccg_ealing
E85120,ccg_ealing
E85121,ccg_ealing
E85122,ccg_ealing
E85123,ccg_ealing
E85127,ccg_ealing
E85129,ccg_ealing
E85130,ccg_ealing
E85617,ccg_ealing
E85628,ccg_ealing
E85630,ccg_ealing
E85633,ccg_ealing
E85635,ccg_ealing
E85640,ccg_ealing
E85643,ccg_ealing
E85656,ccg_ealing
E85657,ccg_ealing
E85663,ccg_ealing
E85677,ccg_ealing
E85680,ccg_ealing
E85682,ccg_ealing
E85687,ccg_ealing
E85694,ccg_ealing
E85712,ccg_ealing
E85714,ccg_ealing
E85715,ccg_ealing
E85721,ccg_ealing
E85723,ccg_ealing
E85725,ccg_ealing
E85726,ccg_ealing
E85740,ccg_ealing
E85743,ccg_ealing
E85745,ccg_ealing
Y01221,ccg_ealing
Y02342,ccg_ealing
B81004,ccg_east_riding
B81006,ccg_east_riding
B81009,ccg_east_riding
B81010,ccg_east_riding
B81013,ccg_east_riding
B81014,ccg_east_riding
B81024,ccg_east_riding
B81025,ccg_east_riding
B81029,ccg_east_riding
B81034,ccg_east_riding
B81037,ccg_east_riding
B81041,ccg_east_riding
B81042,ccg_east_riding
B81051,ccg_east_riding
B81060,ccg_east_riding
B81061,ccg_east_riding
B81068,ccg_east_riding
B81069,ccg_east_riding
B81070,ccg_east_riding
B81082,ccg_east_riding
B81088,ccg_east_riding
B81092,ccg_east_riding
B81100,ccg_east_riding
B81101,ccg_east_riding
B81619,ccg_east_riding
B81653,ccg_east_riding
B81658,ccg_east_riding
B81666,ccg_east_riding
Y02656,ccg_east_riding
G81007,ccg_east_sussex
G81024,ccg_east_sussex
G81030,ccg_east_sussex
G81037,ccg_east_sussex
G81040,ccg_east_sussex
G81043,ccg_east_sussex
G81055,ccg_east_sussex
G81086,ccg_east_sussex
G81634,ccg_east_sussex
E85003,ccg_hammersmith_and_fulham
E85005,ccg_hammersmith_and_fulham
E85008,ccg_hammersmith_and_fulham
E85016,ccg_hammersmith_and_fulham
E85020,ccg_hammersmith_and_fulham
E85025,ccg_hammersmith_and_fulham
E85029,ccg_hammersmith_and_fulham
E85032,ccg_hammersmith_and_fulham
E85033,ccg_hammersmith_and_fulham
E85038,ccg_hammersmith_and_fulham
E85042,ccg_hammersmith_and_fulham
E85048,ccg_hammersmith_and_fulham
E85055,ccg_hammersmith_and_fulham
E85074,ccg_hammersmith_and_fulham
E85077,ccg_hammersmith_and_fulham
E85118,ccg_hammersmith_and_fulham
E85124,ccg_hammersmith_and_fulham
E85125,ccg_hammersmith_and_fulham
E85128,ccg_hammersmith_and_fulham
E85624,ccg_hammersmith_and_fulham
E85636,ccg_hammersmith_and_fulham
E85649,ccg_hammersmith_and_fulham
E85659,ccg_hammersmith_and_fulham
E85672,ccg_hammersmith_and_fulham
E85685,ccg_hammersmith_and_fulham
E85719,ccg_hammersmith_and_fulham
E85748,ccg_hammersmith_and_fulham
Y02906,ccg_hammersmith_and_fulham
E84004,ccg_harrow
E84005,ccg_harrow
E84008,ccg_harrow
E84009,ccg_harrow
E84014,ccg_harrow
E84018,ccg_harrow
E84022,ccg_harrow
E84024,ccg_harrow
E84039,ccg_harrow
E84040,ccg_harrow
E84044,ccg_harrow
E84053,ccg_harrow
E84057,ccg_harrow
E84058,ccg_harrow
E84061,ccg_harrow
E84062,ccg_harrow
E84068,ccg_harrow
E84069,ccg_harrow
E84070,ccg_harrow
E84075,ccg_harrow
E84601,ccg_harrow
E84617,ccg_harrow
E84646,ccg_harrow
E84647,ccg_harrow
E84653,ccg_harrow
E84658,ccg_harrow
E84663,ccg_harrow
E84676,ccg_harrow
E84680,ccg_harrow
E84681,ccg_harrow
E84693,ccg_harrow
E84713,ccg_harrow
Y05080,ccg_harrow
E86001,ccg_hillingdon
E86003,ccg_hillingdon
E86004,ccg_hillingdon
E86005,ccg_hillingdon
E86006,ccg_hillingdon
E86007,ccg_hillingdon
E86009,ccg_hillingdon
E86010,ccg_hillingdon
E86011,ccg_hillingdon
E86012,ccg_hillingdon
E86014,ccg_hillingdon
E86015,ccg_hillingdon
E86016,ccg_hillingdon
E86017,ccg_hillingdon
E86018,ccg_hillingdon
E86019,ccg_hillingdon
E86020,ccg_hillingdon
E86022,ccg_hillingdon
E86024,ccg_hillingdon
E86026,ccg_hillingdon
E86027,ccg_hillingdon
E86028,ccg_hillingdon
E86029,ccg_hillingdon
E86030,ccg_hillingdon
E86033,ccg_hillingdon
E86034,ccg_hillingdon
E86036,ccg_hillingdon
E86038,ccg_hillingdon
E86041,ccg_hillingdon
E86042,ccg_hillingdon
E86605,ccg_hillingdon
E86609,ccg_hillingdon
E86610,ccg_hillingdon
E86612,ccg_hillingdon
E86615,ccg_hillingdon
E86618,ccg_hillingdon
E86619,ccg_hillingdon
E86620,ccg_hillingdon
E86625,ccg_hillingdon
E86626,ccg_hillingdon
E86629,ccg_hillingdon
E86632,ccg_hillingdon
E86637,ccg_hillingdon
E86640,ccg_hillingdon
Y00352,ccg_hillingdon
E85001,ccg_hounslow
E85004,ccg_hounslow
E85007,ccg_hounslow
E85015,ccg_hounslow
E85018,ccg_hounslow
E85024,ccg_hounslow
E85030,ccg_hounslow
E85035,ccg_hounslow
E85040,ccg_hounslow
E85045,ccg_hounslow
E85052,ccg_hounslow
E85056,ccg_hounslow
E85058,ccg_hounslow
E85059,ccg_hounslow
E85060,ccg_hounslow
E85062,ccg_hounslow
E85071,ccg_hounslow
E85113,ccg_hounslow
E85114,ccg_hounslow
E85115,ccg_hounslow
E85126,ccg_hounslow
E85600,ccg_hounslow
E85605,ccg_hounslow
E85625,ccg_hounslow
E85658,ccg_hounslow
E85681,ccg_hounslow
E85683,ccg_hounslow
E85692,ccg_hounslow
E85693,ccg_hounslow
E85696,ccg_hounslow
E85697,ccg_hounslow
E85699,ccg_hounslow
E85700,ccg_hounslow
E85707,ccg_hounslow
E85708,ccg_hounslow
E85713,ccg_hounslow
E85716,ccg_hounslow
E85718,ccg_hounslow
E85727,ccg_hounslow
E85734,ccg_hounslow
E85735,ccg_hounslow
E85736,ccg_hounslow
E85739,ccg_hounslow
E85744,ccg_hounslow
E85746,ccg_hounslow
E85750,ccg_hounslow
Y02671,ccg_hounslow
Y02672,ccg_hounslow
B81002,ccg_hull
B81008,ccg_hull
B81011,ccg_hull
B81017,ccg_hull
B81018,ccg_hull
B81020,ccg_hull
B81027,ccg_hull
B81032,ccg_hull
B81035,ccg_hull
B81038,ccg_hull
B81040,ccg_hull
B81046,ccg_hull
B81047,ccg_hull
B81048,ccg_hull
B81052,ccg_hull
B81054,ccg_hull
B81058,ccg_hull
B81074,ccg_hull
B81075,ccg_hull
B81085,ccg_hull
B81095,ccg_hull
B81097,ccg_hull
B81104,ccg_hull
B81112,ccg_hull
B81119,ccg_hull
B81616,ccg_hull
B81631,ccg_hull
B81635,ccg_hull
B81645,ccg_hull
B81675,ccg_hull
Y02344,ccg_hull
Y02747,ccg_hull
G82002,ccg_kent_and_medway
G82006,ccg_kent_and_medway
G82007,ccg_kent_and_medway
G82011,ccg_kent_and_medway
G82013,ccg_kent_and_medway
G82014,ccg_kent_and_medway
G82015,ccg_kent_and_medway
G82016,ccg_kent_and_medway
G82017,ccg_kent_and_medway
G82018,ccg_kent_and_medway
G82019,ccg_kent_and_medway
G82020,ccg_kent_and_medway
G82021,ccg_kent_and_medway
G82022,ccg_kent_and_medway
G82023,ccg_kent_and_medway
G82024,ccg_kent_and_medway
G82025,ccg_kent_and_medway
G82026,ccg_kent_and_medway
G82027,ccg_kent_and_medway
G82028,ccg_kent_and_medway
G82031,ccg_kent_and_medway
G82032,ccg_kent_and_medway
G82035,ccg_kent_and_medway
G82036,ccg_kent_and_medway
G82037,ccg_kent_and_medway
G82038,ccg_kent_and_medway
G82039,ccg_kent_and_medway
G82041,ccg_kent_and_medway
G82042,ccg_kent_and_medway
G82044,ccg_kent_and_medway
G82046,ccg_kent_and_medway
G82048,ccg_kent_and_medway
G82049,ccg_kent_and_medway
G82050,ccg_kent_and_medway
G82051,ccg_kent_and_medway
G82052,ccg_kent_and_medway
G82053,ccg_kent_and_medway
G82055,ccg_kent_and_medway
G82056,ccg_kent_and_medway
G82057,ccg_kent_and_medway
G82058,ccg_kent_and_medway
G82059,ccg_kent_and_medway
G82060,ccg_kent_and_medway
G82062,ccg_kent_and_medway
G82063,ccg_kent_and_medway
G82064,ccg_kent_and_medway
G82065,ccg_kent_and_medway
G82066,ccg_kent_and_medway
G82067,ccg_kent_and_medway
G82069,ccg_kent_and_medway
G82071,ccg_kent_and_medway
G82072,ccg_kent_and_medway
G82073,ccg_kent_and_medway
G82074,ccg_kent_and_medway
G82076,ccg_kent_and_medway
G82077,ccg_kent_and_medway
G82079,ccg_kent_and_medway
G82080,ccg_kent_and_medway
G82082,ccg_kent_and_medway
G82083,ccg_kent_and_medway
G82085,ccg_kent_and_medway
G82086,ccg_kent_and_medway
G82087,ccg_kent_and_medway
G82088,ccg_kent_and_medway
G82089,ccg_kent_and_medway
G82090,ccg_kent_and_medway
G82091,ccg_kent_and_medway
G82092,ccg_kent_and_medway
G82093,ccg_kent_and_medway
G82094,ccg_kent_and_medway
G82095,ccg_kent_and_medway
G82096,ccg_kent_and_medway
G82097,ccg_kent_and_medway
G82098,ccg_kent_and_medway
G82099,ccg_kent_and_medway
G82100,ccg_kent_and_medway
G82103,ccg_kent_and_medway
G82105,ccg_kent_and_medway
G82106,ccg_kent_and_medway
G82107,ccg_kent_and_medway
G82108,ccg_kent_and_medway
G82109,ccg_kent_and_medway
G82110,ccg_kent_and_medway
G82111,ccg_kent_and_medway
G82112,ccg_kent_and_medway
G82113,ccg_kent_and_medway
G82114,ccg_kent_and_medway
G82115,ccg_kent_and_medway
G82117,ccg_kent_and_medway
G82118,ccg_kent_and_medway
G82119,ccg_kent_and_medway
G82120,ccg_kent_and_medway
G82121,ccg_kent_and_medway
G82122,ccg_kent_and_medway
G82123,ccg_kent_and_medway
G82125,ccg_kent_and_medway
G82126,ccg_kent_and_medway
G82128,ccg_kent_and_medway
G82129,ccg_kent_and_medway
G82133,ccg_kent_and_medway
G82135,ccg_kent_and_medway
G82137,ccg_kent_and_medway
G82138,ccg_kent_and_medway
G82139,ccg_kent_and_medway
G82140,ccg_kent_and_medway
G82141,ccg_kent_and_medway
G82142,ccg_kent_and_medway
G82143,ccg_kent_and_medway
G82147,ccg_kent_and_medway
G82148,ccg_kent_and_medway
G82150,ccg_kent_and_medway
G82152,ccg_kent_and_medway
G82154,ccg_kent_and_medway
G82155,ccg_kent_and_medway
G82158,ccg_kent_and_medway
G82160,ccg_kent_and_medway
G82161,ccg_kent_and_medway
G82162,ccg_kent_and_medway
G82164,ccg_kent_and_medway
G82165,ccg_kent_and_medway
G82170,ccg_kent_and_medway
G82175,ccg_kent_and_medway
G82180,ccg_kent_and_medway
G82184,ccg_kent_and_medway
G82185,ccg_kent_and_medway
G82186,ccg_kent_and_medway
G82198,ccg_kent_and_medway
G82200,ccg_kent_and_medway
G82203,ccg_kent_and_medway
G82205,ccg_kent_and_medway
G82206,ccg_kent_and_medway
G82211,ccg_kent_and_medway
G82212,ccg_kent_and_medway
G82215,ccg_kent_and_medway
G82217,ccg_kent_and_medway
G82218,ccg_kent_and_medway
G82219,ccg_kent_and_medway
G82221,ccg_kent_and_medway
G82224,ccg_kent_and_medway
G82225,ccg_kent_and_medway
G82226,ccg_kent_and_medway
G82227,ccg_kent_and_medway
G82228,ccg_kent_and_medway
G82229,ccg_kent_and_medway
G82231,ccg_kent_and_medway
G82232,ccg_kent_and_medway
G82233,ccg_kent_and_medway
G82234,ccg_kent_and_medway
G82235,ccg_kent_and_medway
G82600,ccg_kent_and_medway
G82604,ccg_kent_and_medway
G82605,ccg_kent_and_medway
G82622,ccg_kent_and_medway
G82631,ccg_kent_and_medway
G82634,ccg_kent_and_medway
G82635,ccg_kent_and_medway
G82639,ccg_kent_and_medway
G82641,ccg_kent_and_medway
G82647,ccg_kent_and_medway
G82648,ccg_kent_and_medway
G82650,ccg_kent_and_medway
G82652,ccg_kent_and_medway
G82653,ccg_kent_and_medway
G82658,ccg_kent_and_medway
G82662,ccg_kent_and_medway
G82665,ccg_kent_and_medway
G82666,ccg_kent_and_medway
G82671,ccg_kent_and_medway
G82679,ccg_kent_and_medway
G82681,ccg_kent_and_medway
G82682,ccg_kent_and_medway
G82684,ccg_kent_and_medway
G82686,ccg_kent_and_medway
G82687,ccg_kent_and_medway
G82688,ccg_kent_and_medway
G82690,ccg_kent_and_medway
G82691,ccg_kent_and_medway
G82693,ccg_kent_and_medway
G82696,ccg_kent_and_medway
G82697,ccg_kent_and_medway
G82698,ccg_kent_and_medway
G82700,ccg_kent_and_medway
G82702,ccg_kent_and_medway
G82704,ccg_kent_and_medway
G82706,ccg_kent_and_medway
G82708,ccg_kent_and_medway
G82711,ccg_kent_and_medway
G82719,ccg_kent_and_medway
G82721,ccg_kent_and_medway
G82722,ccg_kent_and_medway
G82727,ccg_kent_and_medway
G82729,ccg_kent_and_medway
G82730,ccg_kent_and_medway
G82732,ccg_kent_and_medway
G82733,ccg_kent_and_medway
G82735,ccg_kent_and_medway
G82737,ccg_kent_and_medway
G82741,ccg_kent_and_medway
G82744,ccg_kent_and_medway
G82751,ccg_kent_and_medway
G82753,ccg_kent_and_medway
G82754,ccg_kent_and_medway
G82757,ccg_kent_and_medway
G82760,ccg_kent_and_medway
G82762,ccg_kent_and_medway
G82763,ccg_kent_and_medway
G82768,ccg_kent_and_medway
G82775,ccg_kent_and_medway
G82777,ccg_kent_and_medway
G82780,ccg_kent_and_medway
G82790,ccg_kent_and_medway
G82791,ccg_kent_and_medway
G82796,ccg_kent_and_medway
G82799,ccg_kent_and_medway
G82802,ccg_kent_and_medway
G82808,ccg_kent_and_medway
G82809,ccg_kent_and_medway
G82813,ccg_kent_and_medway
G82820,ccg_kent_and_medway
G82888,ccg_kent_and_medway
Y00390,ccg_kent_and_medway
Y00449,ccg_kent_and_medway
Y00599,ccg_kent_and_medway
Y00602,ccg_kent_and_medway
Y00603,ccg_kent_and_medway
Y00721,ccg_kent_and_medway
Y00748,ccg_kent_and_medway
Y00931,ccg_kent_and_medway
Y01086,ccg_kent_and_medway
Y01776,ccg_kent_and_medway
Y01883,ccg_kent_and_medway
Y01925,ccg_kent_and_medway
Y01935,ccg_kent_and_medway
Y01936,ccg_kent_and_medway
Y02266,ccg_kent_and_medway
Y02462,ccg_kent_and_medway
Y02471,ccg_kent_and_medway
Y02491,ccg_kent_and_medway
Y02506,ccg_kent_and_medway
Y02587,ccg_kent_and_medway
Y02749,ccg_kent_and_medway
Y02809,ccg_kent_and_medway
Y02826,ccg_kent_and_medway
Y02950,ccg_kent_and_medway
Y02952,ccg_kent_and_medway
Y02953,ccg_kent_and_medway
Y02971,ccg_kent_and_medway
Y02972,ccg_kent_and_medway
Y03003,ccg_kent_and_medway
Y03022,ccg_kent_and_medway
Y03062,ccg_kent_and_medway
Y03069,ccg_kent_and_medway
Y03192,ccg_kent_and_medway
Y03339,ccg_kent_and_medway
Y03354,ccg_kent_and_medway
Y03355,ccg_kent_and_medway
Y03356,ccg_kent_and_medway
Y03474,ccg_kent_and_medway
Y03482,ccg_kent_and_medway
Y03484,ccg_kent_and_medway
Y03500,ccg_kent_and_medway
Y03509,ccg_kent_and_medway
Y03520,ccg_kent_and_medway
Y03523,ccg_kent_and_medway
Y03541,ccg_kent_and_medway
Y03563,ccg_kent_and_medway
Y03635,ccg_kent_and_medway
Y03636,ccg_kent_and_medway
Y03640,ccg_kent_and_medway
Y03647,ccg_kent_and_medway
Y03648,ccg_kent_and_medway
Y03725,ccg_kent_and_medway
Y03726,ccg_kent_and_medway
Y03727,ccg_kent_and_medway
Y03728,ccg_kent_and_medway
Y03729,ccg_kent_and_medway
Y03730,ccg_kent_and_medway
Y03731,ccg_kent_and_medway
Y03732,ccg_kent_and_medway
Y03740,ccg_kent_and_medway
Y03741,ccg_kent_and_medway
Y03787,ccg_kent_and_medway
Y03797,ccg_kent_and_medway
Y03819,ccg_kent_and_medway
Y03877,ccg_kent_and_medway
Y03898,ccg_kent_and_medway
Y04167,ccg_kent_and_medway
Y04168,ccg_kent_and_medway
Y04220,ccg_kent_and_medway
Y04232,ccg_kent_and_medway
Y04233,ccg_kent_and_medway
Y04234,ccg_kent_and_medway
Y04358,ccg_kent_and_medway
Y04413,ccg_kent_and_medway
Y04426,ccg_kent_and_medway
Y04493,ccg_kent_and_medway
Y04547,ccg_kent_and_medway
Y04553,ccg_kent_and_medway
Y04554,ccg_kent_and_medway
Y04585,ccg_kent_and_medway
Y04586,ccg_kent_and_medway
Y04587,ccg_kent_and_medway
Y04588,ccg_kent_and_medway
Y04609,ccg_kent_and_medway
Y04615,ccg_kent_and_medway
Y04616,ccg_kent_and_medway
Y04617,ccg_kent_and_medway
Y04618,ccg_kent_and_medway
Y04619,ccg_kent_and_medway
Y04636,ccg_kent_and_medway
Y04710,ccg_kent_and_medway
Y04721,ccg_kent_and_medway
Y04723,ccg_kent_and_medway
Y04724,ccg_kent_and_medway
Y04725,ccg_kent_and_medway
Y04803,ccg_kent_and_medway
Y04850,ccg_kent_and_medway
Y04851,ccg_kent_and_medway
Y04852,ccg_kent_and_medway
Y04971,ccg_kent_and_medway
Y05077,ccg_kent_and_medway
Y05092,ccg_kent_and_medway
Y05111,ccg_kent_and_medway
Y05309,ccg_kent_and_medway
Y05449,ccg_kent_and_medway
Y05495,ccg_kent_and_medway
Y05497,ccg_kent_and_medway
Y05499,ccg_kent_and_medway
Y05500,ccg_kent_and_medway
Y05503,ccg_kent_and_medway
Y05506,ccg_kent_and_medway
Y05510,ccg_kent_and_medway
Y05545,ccg_kent_and_medway
Y05546,ccg_kent_and_medway
Y05607,ccg_kent_and_medway
Y05618,ccg_kent_and_medway
Y05649,ccg_kent_and_medway
Y05663,ccg_kent_and_medway
Y05666,ccg_kent_and_medway
Y05684,ccg_kent_and_medway
Y05748,ccg_kent_and_medway
Y05751,ccg_kent_and_medway
Y05782,ccg_kent_and_medway
Y05918,ccg_kent_and_medway
Y05919,ccg_kent_and_medway
Y05920,ccg_kent_and_medway
Y05924,ccg_kent_and_medway
Y05956,ccg_kent_and_medway
Y05958,ccg_kent_and_medway
Y05970,ccg_kent_and_medway
Y05971,ccg_kent_and_medway
Y05995,ccg_kent_and_medway
Y06039,ccg_kent_and_medway
Y06040,ccg_kent_and_medway
Y06041,ccg_kent_and_medway
Y06042,ccg_kent_and_medway
Y06043,ccg_kent_and_medway
Y06060,ccg_kent_and_medway
Y06119,ccg_kent_and_medway
Y06121,ccg_kent_and_medway
Y06187,ccg_kent_and_medway
Y06188,ccg_kent_and_medway
Y06219,ccg_kent_and_medway
Y06220,ccg_kent_and_medway
Y06221,ccg_kent_and_medway
Y06222,ccg_kent_and_medway
Y06223,ccg_kent_and_medway
Y06224,ccg_kent_and_medway
Y06226,ccg_kent_and_medway
Y06276,ccg_kent_and_medway
Y06361,ccg_kent_and_medway
Y06416,ccg_kent_and_medway
Y06420,ccg_kent_and_medway
Y06424,ccg_kent_and_medway
Y06425,ccg_kent_and_medway
Y06523,ccg_kent_and_medway
Y06526,ccg_kent_and_medway
Y06536,ccg_kent_and_medway
Y06579,ccg_kent_and_medway
Y06588,ccg_kent_and_medway
Y06596,ccg_kent_and_medway
Y06597,ccg_kent_and_medway
Y06609,ccg_kent_and_medway
Y06617,ccg_kent_and_medway
Y06653,ccg_kent_and_medway
Y06755,ccg_kent_and_medway
Y06756,ccg_kent_and_medway
Y06833,ccg_kent_and_medway
Y06839,ccg_kent_and_medway
Y06871,ccg_kent_and_medway
Y06904,ccg_kent_and_medway
Y06933,ccg_kent_and_medway
Y06947,ccg_kent_and_medway
Y07011,ccg_kent_and_medway
E83003,ccg_north_central_london
E83005,ccg_north_central_london
E83006,ccg_north_central_london
E83007,ccg_north_central_london
E83008,ccg_north_central_london
E83009,ccg_north_central_london
E83010,ccg_north_central_london
E83011,ccg_north_central_london
E83012,ccg_north_central_london
E83013,ccg_north_central_london
E83016,ccg_north_central_london
E83017,ccg_north_central_london
E83018,ccg_north_central_london
E83020,ccg_north_central_london
E83021,ccg_north_central_london
E83024,ccg_north_central_london
E83025,ccg_north_central_london
E83026,ccg_north_central_london
E83027,ccg_north_central_london
E83028,ccg_north_central_london
E83030,ccg_north_central_london
E83031,ccg_north_central_london
E83032,ccg_north_central_london
E83034,ccg_north_central_london
E83035,ccg_north_central_london
E83037,ccg_north_central_london
E83038,ccg_north_central_london
E83039,ccg_north_central_london
E83041,ccg_north_central_london
E83044,ccg_north_central_london
E83045,ccg_north_central_london
E83046,ccg_north_central_london
E83049,ccg_north_central_london
E83050,ccg_north_central_london
E83053,ccg_north_central_london
E83600,ccg_north_central_london
E83613,ccg_north_central_london
E83621,ccg_north_central_london
E83622,ccg_north_central_london
E83637,ccg_north_central_london
E83638,ccg_north_central_london
E83639,ccg_north_central_london
E83649,ccg_north_central_london
E83650,ccg_north_central_london
E83653,ccg_north_central_london
E83657,ccg_north_central_london
E83668,ccg_north_central_london
F83002,ccg_north_central_london
F83003,ccg_north_central_london
F83004,ccg_north_central_london
F83005,ccg_north_central_london
F83006,ccg_north_central_london
F83007,ccg_north_central_london
F83008,ccg_north_central_london
F83010,ccg_north_central_london
F83011,ccg_north_central_london
F83012,ccg_north_central_london
F83015,ccg_north_central_london
F83017,ccg_north_central_london
F83018,ccg_north_central_london
F83019,ccg_north_central_london
F83020,ccg_north_central_london
F83021,ccg_north_central_london
F83022,ccg_north_central_london
F83023,ccg_north_central_london
F83025,ccg_north_central_london
F83027,ccg_north_central_london
F83032,ccg_north_central_london
F83033,ccg_north_central_london
F83034,ccg_north_central_london
F83039,ccg_north_central_london
F83042,ccg_north_central_london
F83043,ccg_north_central_london
F83044,ccg_north_central_london
F83045,ccg_north_central_london
F83048,ccg_north_central_london
F83050,ccg_north_central_london
F83052,ccg_north_central_london
F83053,ccg_north_central_london
F83055,ccg_north_central_london
F83056,ccg_north_central_london
F83057,ccg_north_central_london
F83058,ccg_north_central_london
F83059,ccg_north_central_london
F83060,ccg_north_central_london
F83061,ccg_north_central_london
F83063,ccg_north_central_london
F83064,ccg_north_central_london
F83615,ccg_north_central_london
F83623,ccg_north_central_london
F83624,ccg_north_central_london
F83632,ccg_north_central_london
F83633,ccg_north_central_london
F83635,ccg_north_central_london
F83652,ccg_north_central_london
F83658,ccg_north_central_london
F83660,ccg_north_central_london
F83664,ccg_north_central_london
F83665,ccg_north_central_london
F83666,ccg_north_central_london
F83671,ccg_north_central_london
F83672,ccg_north_central_london
F83673,ccg_north_central_london
F83674,ccg_north_central_london
F83678,ccg_north_central_london
F83680,ccg_north_central_london
F83681,ccg_north_central_london
F83683,ccg_north_central_london
F83686,ccg_north_central_london
F85002,ccg_north_central_london
F85004,ccg_north_central_london
F85007,ccg_north_central_london
F85008,ccg_north_central_london
F85010,ccg_north_central_london
F85013,ccg_north_central_london
F85014,ccg_north_central_london
F85016,ccg_north_central_london
F85017,ccg_north_central_london
F85019,ccg_north_central_london
F85020,ccg_north_central_london
F85023,ccg_north_central_london
F85025,ccg_north_central_london
F85028,ccg_north_central_london
F85029,ccg_north_central_london
F85030,ccg_north_central_london
F85031,ccg_north_central_london
F85032,ccg_north_central_london
F85033,ccg_north_central_london
F85034,ccg_north_central_london
F85035,ccg_north_central_london
F85039,ccg_north_central_london
F85043,ccg_north_central_london
F85044,ccg_north_central_london
F85046,ccg_north_central_london
F85052,ccg_north_central_london
F85058,ccg_north_central_london
F85060,ccg_north_central_london
F85061,ccg_north_central_london
F85063,ccg_north_central_london
F85064,ccg_north_central_london
F85065,ccg_north_central_london
F85066,ccg_north_central_london
F85067,ccg_north_central_london
F85069,ccg_north_central_london
F85071,ccg_north_central_london
F85072,ccg_north_central_london
F85615,ccg_north_central_london
F85623,ccg_north_central_london
F85625,ccg_north_central_london
F85628,ccg_north_central_london
F85634,ccg_north_central_london
F85640,ccg_north_central_london
F85642,ccg_north_central_london
F85650,ccg_north_central_london
F85663,ccg_north_central_london
F85666,ccg_north_central_london
F85669,ccg_north_central_london
F85675,ccg_north_central_london
F85676,ccg_north_central_london
F85678,ccg_north_central_london
F85682,ccg_north_central_london
F85687,ccg_north_central_london
F85688,ccg_north_central_london
F85697,ccg_north_central_london
F85700,ccg_north_central_london
F85701,ccg_north_central_london
F85705,ccg_north_central_london
F85711,ccg_north_central_london
Y00057,ccg_north_central_london
Y00316,ccg_north_central_london
Y00612,ccg_north_central_london
Y01066,ccg_north_central_london
Y01655,ccg_north_central_london
Y02117,ccg_north_central_london
Y02674,ccg_north_central_london
Y02986,ccg_north_central_london
Y03035,ccg_north_central_london
Y03103,ccg_north_central_london
Y03135,ccg_north_central_london
Y03402,ccg_north_central_london
Y03663,ccg_north_central_london
Y03664,ccg_north_central_london
Y05330,ccg_north_central_london
B81003,ccg_north_east_lincs
B81012,ccg_north_east_lincs
B81015,ccg_north_east_lincs
B81016,ccg_north_east_lincs
B81023,ccg_north_east_lincs
B81030,ccg_north_east_lincs
B81031,ccg_north_east_lincs
B81039,ccg_north_east_lincs
B81055,ccg_north_east_lincs
B81077,ccg_north_east_lincs
B81087,ccg_north_east_lincs
B81091,ccg_north_east_lincs
B81108,ccg_north_east_lincs
B81603,ccg_north_east_lincs
B81606,ccg_north_east_lincs
B81620,ccg_north_east_lincs
B81642,ccg_north_east_lincs
B81655,ccg_north_east_lincs
B81656,ccg_north_east_lincs
B81663,ccg_north_east_lincs
B81664,ccg_north_east_lincs
B81665,ccg_north_east_lincs
B81697,ccg_north_east_lincs
Y01948,ccg_north_east_lincs
Y02684,ccg_north_east_lincs
F82001,ccg_north_east_london
F82002,ccg_north_east_london
F82003,ccg_north_east_london
F82005,ccg_north_east_london
F82006,ccg_north_east_london
F82007,ccg_north_east_london
F82008,ccg_north_east_london
F82009,ccg_north_east_london
F82010,ccg_north_east_london
F82011,ccg_north_east_london
F82012,ccg_north_east_london
F82013,ccg_north_east_london
F82014,ccg_north_east_london
F82015,ccg_north_east_london
F82016,ccg_north_east_london
F82017,ccg_north_east_london
F82018,ccg_north_east_london
F82019,ccg_north_east_london
F82021,ccg_north_east_london
F82022,ccg_north_east_london
F82023,ccg_north_east_london
F82025,ccg_north_east_london
F82027,ccg_north_east_london
F82028,ccg_north_east_london
F82030,ccg_north_east_london
F82031,ccg_north_east_london
F82033,ccg_north_east_london
F82034,ccg_north_east_london
F82038,ccg_north_east_london
F82039,ccg_north_east_london
F82040,ccg_north_east_london
F82042,ccg_north_east_london
F82045,ccg_north_east_london
F82051,ccg_north_east_london
F82053,ccg_north_east_london
F82055,ccg_north_east_london
F82604,ccg_north_east_london
F82607,ccg_north_east_london
F82609,ccg_north_east_london
F82610,ccg_north_east_london
F82612,ccg_north_east_london
F82619,ccg_north_east_london
F82621,ccg_north_east_london
F82624,ccg_north_east_london
F82625,ccg_north_east_london
F82627,ccg_north_east_london
F82630,ccg_north_east_london
F82634,ccg_north_east_london
F82638,ccg_north_east_london
F82642,ccg_north_east_london
F82647,ccg_north_east_london
F82648,ccg_north_east_london
F82649,ccg_north_east_london
F82650,ccg_north_east_london
F82660,ccg_north_east_london
F82661,ccg_north_east_london
F82663,ccg_north_east_london
F82666,ccg_north_east_london
F82670,ccg_north_east_london
F82671,ccg_north_east_london
F82674,ccg_north_east_london
F82675,ccg_north_east_london
F82677,ccg_north_east_london
F82678,ccg_north_east_london
F82679,ccg_north_east_london
F82680,ccg_north_east_london
F82686,ccg_north_east_london
F84003,ccg_north_east_london
F84004,ccg_north_east_london
F84006,ccg_north_east_london
F84008,ccg_north_east_london
F84009,ccg_north_east_london
F84010,ccg_north_east_london
F84012,ccg_north_east_london
F84013,ccg_north_east_london
F84014,ccg_north_east_london
F84015,ccg_north_east_london
F84016,ccg_north_east_london
F84017,ccg_north_east_london
F84018,ccg_north_east_london
F84021,ccg_north_east_london
F84022,ccg_north_east_london
F84025,ccg_north_east_london
F84030,ccg_north_east_london
F84031,ccg_north_east_london
F84033,ccg_north_east_london
F84034,ccg_north_east_london
F84035,ccg_north_east_london
F84036,ccg_north_east_london
F84038,ccg_north_east_london
F84039,ccg_north_east_london
F84041,ccg_north_east_london
F84044,ccg_north_east_london
F84046,ccg_north_east_london
F84047,ccg_north_east_london
F84050,ccg_north_east_london
F84051,ccg_north_east_london
F84052,ccg_north_east_london
F84053,ccg_north_east_london
F84054,ccg_north_east_london
F84055,ccg_north_east_london
F84060,ccg_north_east_london
F84062,ccg_north_east_london
F84063,ccg_north_east_london
F84069,ccg_north_east_london
F84070,ccg_north_east_london
F84072,ccg_north_east_london
F84074,ccg_north_east_london
F84077,ccg_north_east_london
F84079,ccg_north_east_london
F84080,ccg_north_east_london
F84081,ccg_north_east_london
F84083,ccg_north_east_london
F84086,ccg_north_east_london
F84087,ccg_north_east_london
F84088,ccg_north_east_london
F84092,ccg_north_east_london
F84093,ccg_north_east_london
F84096,ccg_north_east_london
F84097,ccg_north_east_london
F84105,ccg_north_east_london
F84111,ccg_north_east_london
F84114,ccg_north_east_london
F84115,ccg_north_east_london
F84117,ccg_north_east_london
F84118,ccg_north_east_london
F84119,ccg_north_east_london
F84121,ccg_north_east_london
F84122,ccg_north_east_london
F84123,ccg_north_east_london
F84124,ccg_north_east_london
F84601,ccg_north_east_london
F84619,ccg_north_east_london
F84620,ccg_north_east_london
F84621,ccg_north_east_london
F84632,ccg_north_east_london
F84635,ccg_north_east_london
F84636,ccg_north_east_london
F84640,ccg_north_east_london
F84641,ccg_north_east_london
F84642,ccg_north_east_london
F84647,ccg_north_east_london
F84656,ccg_north_east_london
F84657,ccg_north_east_london
F84658,ccg_north_east_london
F84660,ccg_north_east_london
F84666,ccg_north_east_london
F84668,ccg_north_east_london
F84669,ccg_north_east_london
F84670,ccg_north_east_london
F84672,ccg_north_east_london
F84673,ccg_north_east_london
F84676,ccg_north_east_london
F84677,ccg_north_east_london
F84681,ccg_north_east_london
F84685,ccg_north_east_london
F84686,ccg_north_east_london
F84692,ccg_north_east_london
F84694,ccg_north_east_london
F84696,ccg_north_east_london
F84698,ccg_north_east_london
F84710,ccg_north_east_london
F84711,ccg_north_east_london
F84714,ccg_north_east_london
F84716,ccg_north_east_london
F84717,ccg_north_east_london
F84718,ccg_north_east_london
F84719,ccg_north_east_london
F84720,ccg_north_east_london
F84724,ccg_north_east_london
F84729,ccg_north_east_london
F84730,ccg_north_east_london
F84731,ccg_north_east_london
F84733,ccg_north_east_london
F84735,ccg_north_east_london
F84739,ccg_north_east_london
F84740,ccg_north_east_london
F84741,ccg_north_east_london
F84742,ccg_north_east_london
F84747,ccg_north_east_london
F84749,ccg_north_east_london
F86001,ccg_north_east_london
F86004,ccg_north_east_london
F86005,ccg_north_east_london
F86006,ccg_north_east_london
F86007,ccg_north_east_london
F86008,ccg_north_east_london
F86009,ccg_north_east_london
F86010,ccg_north_east_london
F86011,ccg_north_east_london
F86012,ccg_north_east_london
F86013,ccg_north_east_london
F86018,ccg_north_east_london
F86020,ccg_north_east_london
F86022,ccg_north_east_london
F86023,ccg_north_east_london
F86025,ccg_north_east_london
F86026,ccg_north_east_london
F86028,ccg_north_east_london
F86030,ccg_north_east_london
F86032,ccg_north_east_london
F86034,ccg_north_east_london
F86036,ccg_north_east_london
F86038,ccg_north_east_london
F86040,ccg_north_east_london
F86042,ccg_north_east_london
F86044,ccg_north_east_london
F86045,ccg_north_east_london
F86049,ccg_north_east_london
F86057,ccg_north_east_london
F86058,ccg_north_east_london
F86060,ccg_north_east_london
F86062,ccg_north_east_london
F86064,ccg_north_east_london
F86066,ccg_north_east_london
F86074,ccg_north_east_london
F86078,ccg_north_east_london
F86081,ccg_north_east_london
F86082,ccg_north_east_london
F86083,ccg_north_east_london
F86085,ccg_north_east_london
F86086,ccg_north_east_london
F86087,ccg_north_east_london
F86088,ccg_north_east_london
F86607,ccg_north_east_london
F86612,ccg_north_east_london
F86616,ccg_north_east_london
F86621,ccg_north_east_london
F86624,ccg_north_east_london
F86625,ccg_north_east_london
F86626,ccg_north_east_london
F86627,ccg_north_east_london
F86637,ccg_north_east_london
F86638,ccg_north_east_london
F86641,ccg_north_east_london
F86642,ccg_north_east_london
F86644,ccg_north_east_london
F86650,ccg_north_east_london
F86652,ccg_north_east_london
F86657,ccg_north_east_london
F86658,ccg_north_east_london
F86664,ccg_north_east_london
F86666,ccg_north_east_london
F86679,ccg_north_east_london
F86689,ccg_north_east_london
F86691,ccg_north_east_london
F86692,ccg_north_east_london
F86696,ccg_north_east_london
F86698,ccg_north_east_london
F86700,ccg_north_east_london
F86701,ccg_north_east_london
F86702,ccg_north_east_london
F86703,ccg_north_east_london
F86705,ccg_north_east_london
F86707,ccg_north_east_london
F86708,ccg_north_east_london
F86712,ccg_north_east_london
F86731,ccg_north_east_london
Y00090,ccg_north_east_london
Y00155,ccg_north_east_london
Y00212,ccg_north_east_london
Y00312,ccg_north_east_london
Y00403,ccg_north_east_london
Y00918,ccg_north_east_london
Y01280,ccg_north_east_london
Y01291,ccg_north_east_london
Y01719,ccg_north_east_london
Y01795,ccg_north_east_london
Y01839,ccg_north_east_london
Y02575,ccg_north_east_london
Y02928,ccg_north_east_london
Y02973,ccg_north_east_london
Y02987,ccg_north_east_london
Y03023,ccg_north_east_london
Y03049,ccg_north_east_london
Y04273,ccg_north_east_london
Y06592,ccg_north_east_london
B81005,ccg_north_lincs
B81007,ccg_north_lincs
B81022,ccg_north_lincs
B81026,ccg_north_lincs
B81043,ccg_north_lincs
B81045,ccg_north_lincs
B81063,ccg_north_lincs
B81064,ccg_north_lincs
B81065,ccg_north_lincs
B81090,ccg_north_lincs
B81099,ccg_north_lincs
B81109,ccg_north_lincs
B81113,ccg_north_lincs
B81118,ccg_north_lincs
B81617,ccg_north_lincs
B81628,ccg_north_lincs
B81647,ccg_north_lincs
B81648,ccg_north_lincs
B82004,ccg_north_yorkshire
B82008,ccg_north_yorkshire
B82010,ccg_north_yorkshire
B82011,ccg_north_yorkshire
B82012,ccg_north_yorkshire
B82013,ccg_north_yorkshire
B82014,ccg_north_yorkshire
B82016,ccg_north_yorkshire
B82017,ccg_north_yorkshire
B82019,ccg_north_yorkshire
B82022,ccg_north_yorkshire
B82023,ccg_north_yorkshire
B82025,ccg_north_yorkshire
B82027,ccg_north_yorkshire
B82029,ccg_north_yorkshire
B82030,ccg_north_yorkshire
B82032,ccg_north_yorkshire
B82034,ccg_north_yorkshire
B82035,ccg_north_yorkshire
B82036,ccg_north_yorkshire
B82037,ccg_north_yorkshire
B82038,ccg_north_yorkshire
B82042,ccg_north_yorkshire
B82044,ccg_north_yorkshire
B82045,ccg_north_yorkshire
B82046,ccg_north_yorkshire
B82049,ccg_north_yorkshire
B82050,ccg_north_yorkshire
B82054,ccg_north_yorkshire
B82057,ccg_north_yorkshire
B82059,ccg_north_yorkshire
B82060,ccg_north_yorkshire
B82062,ccg_north_yorkshire
B82063,ccg_north_yorkshire
B82066,ccg_north_yorkshire
B82067,ccg_north_yorkshire
B82069,ccg_north_yorkshire
B82072,ccg_north_yorkshire
B82075,ccg_north_yorkshire
B82078,ccg_north_yorkshire
B82084,ccg_north_yorkshire
B82086,ccg_north_yorkshire
B82088,ccg_north_yorkshire
B82091,ccg_north_yorkshire
B82101,ccg_north_yorkshire
B82104,ccg_north_yorkshire
B82106,ccg_north_yorkshire
B82609,ccg_north_yorkshire
B82622,ccg_north_yorkshire
B82628,ccg_north_yorkshire
Y02669,ccg_north_yorkshire
C82040,ccg_nottingham
C84004,ccg_nottingham
C84005,ccg_nottingham
C84009,ccg_nottingham
C84010,ccg_nottingham
C84011,ccg_nottingham
C84012,ccg_nottingham
C84014,ccg_nottingham
C84016,ccg_nottingham
C84017,ccg_nottingham
C84018,ccg_nottingham
C84019,ccg_nottingham
C84020,ccg_nottingham
C84021,ccg_nottingham
C84023,ccg_nottingham
C84025,ccg_nottingham
C84026,ccg_nottingham
C84028,ccg_nottingham
C84029,ccg_nottingham
C84030,ccg_nottingham
C84031,ccg_nottingham
C84032,ccg_nottingham
C84033,ccg_nottingham
C84034,ccg_nottingham
C84036,ccg_nottingham
C84037,ccg_nottingham
C84039,ccg_nottingham
C84042,ccg_nottingham
C84043,ccg_nottingham
C84044,ccg_nottingham
C84045,ccg_nottingham
C84046,ccg_nottingham
C84047,ccg_nottingham
C84049,ccg_nottingham
C84051,ccg_nottingham
C84053,ccg_nottingham
C84055,ccg_nottingham
C84057,ccg_nottingham
C84059,ccg_nottingham
C84060,ccg_nottingham
C84061,ccg_nottingham
C84063,ccg_nottingham
C84064,ccg_nottingham
C84065,ccg_nottingham
C84066,ccg_nottingham
C84067,ccg_nottingham
C84069,ccg_nottingham
C84072,ccg_nottingham
C84074,ccg_nottingham
C84076,ccg_nottingham
C84077,ccg_nottingham
C84078,ccg_nottingham
C84080,ccg_nottingham
C84081,ccg_nottingham
C84084,ccg_nottingham
C84085,ccg_nottingham
C84086,ccg_nottingham
C84087,ccg_nottingham
C84090,ccg_nottingham
C84091,ccg_nottingham
C84092,ccg_nottingham
C84095,ccg_nottingham
C84103,ccg_nottingham
C84105,ccg_nottingham
C84106,ccg_nottingham
C84107,ccg_nottingham
C84112,ccg_nottingham
C84113,ccg_nottingham
C84114,ccg_nottingham
C84115,ccg_nottingham
C84116,ccg_nottingham
C84117,ccg_nottingham
C84120,ccg_nottingham
C84122,ccg_nottingham
C84123,ccg_nottingham
C84127,ccg_nottingham
C84129,ccg_nottingham
C84131,ccg_nottingham
C84136,ccg_nottingham
C84140,ccg_nottingham
C84142,ccg_nottingham
C84144,ccg_nottingham
C84150,ccg_nottingham
C84151,ccg_nottingham
C84605,ccg_nottingham
C84613,ccg_nottingham
C84619,ccg_nottingham
C84621,ccg_nottingham
C84624,ccg_nottingham
C84628,ccg_nottingham
C84629,ccg_nottingham
C84637,ccg_nottingham
C84646,ccg_nottingham
C84654,ccg_nottingham
C84656,ccg_nottingham
C84658,ccg_nottingham
C84660,ccg_nottingham
C84664,ccg_nottingham
C84667,ccg_nottingham
C84676,ccg_nottingham
C84679,ccg_nottingham
C84682,ccg_nottingham
C84683,ccg_nottingham
C84691,ccg_nottingham
C84693,ccg_nottingham
C84694,ccg_nottingham
C84695,ccg_nottingham
C84696,ccg_nottingham
C84703,ccg_nottingham
C84704,ccg_nottingham
C84705,ccg_nottingham
C84714,ccg_nottingham
C84717,ccg_nottingham
Y00026,ccg_nottingham
Y02847,ccg_nottingham
Y03124,ccg_nottingham
Y05369,ccg_nottingham
Y05622,ccg_nottingham
Y05690,ccg_nottingham
Y06356,ccg_nottingham
Y06443,ccg_nottingham
Y06507,ccg_nottingham
Y06792,ccg_nottingham
B81036,ccg_vale_of_york
B82002,ccg_vale_of_york
B82005,ccg_vale_of_york
B82018,ccg_vale_of_york
B82021,ccg_vale_of_york
B82026,ccg_vale_of_york
B82031,ccg_vale_of_york
B82033,ccg_vale_of_york
B82041,ccg_vale_of_york
B82047,ccg_vale_of_york
B82064,ccg_vale_of_york
B82068,ccg_vale_of_york
B82071,ccg_vale_of_york
B82073,ccg_vale_of_york
B82074,ccg_vale_of_york
B82077,ccg_vale_of_york
B82079,ccg_vale_of_york
B82080,ccg_vale_of_york
B82081,ccg_vale_of_york
B82083,ccg_vale_of_york
B82097,ccg_vale_of_york
B82098,ccg_vale_of_york
B82100,ccg_vale_of_york
B82105,ccg_vale_of_york
B82619,ccg_vale_of_york
E84012,ccg_west_london
E87003,ccg_west_london
E87004,ccg_west_london
E87007,ccg_west_london
E87013,ccg_west_london
E87016,ccg_west_london
E87024,ccg_west_london
E87026,ccg_west_london
E87029,ccg_west_london
E87043,ccg_west_london
E87047,ccg_west_london
E87048,ccg_west_london
E87061,ccg_west_london
E87063,ccg_west_london
E87065,ccg_west_london
E87067,ccg_west_london
E87665,ccg_west_london
E87701,ccg_west_london
E87702,ccg_west_london
E87706,ccg_west_london
E87711,ccg_west_london
E87715,ccg_west_london
E87720,ccg_west_london
E87723,ccg_west_london
E87733,ccg_west_london
E87735,ccg_west_london
E87738,ccg_west_london
E87742,ccg_west_london
E87746,ccg_west_london
E87750,ccg_west_london
E87762,ccg_west_london
Y00200,ccg_west_london
Y00507,ccg_west_london
Y01011,ccg_west_london
Y03441,ccg_west_london
A12355,testPractice
B84001,trust_mid_yorks
B84002,trust_mid_yorks
B84003,trust_mid_yorks
B84004,trust_mid_yorks
B84005,trust_mid_yorks
B84007,trust_mid_yorks
B84008,trust_mid_yorks
B84009,trust_mid_yorks
B84010,trust_mid_yorks
B84011,trust_mid_yorks
B84012,trust_mid_yorks
B84013,trust_mid_yorks
B84014,trust_mid_yorks
B84016,trust_mid_yorks
B84017,trust_mid_yorks
B84019,trust_mid_yorks
B84021,trust_mid_yorks
B84610,trust_mid_yorks
B84612,trust_mid_yorks
B84613,trust_mid_yorks
B84614,trust_mid_yorks
B84615,trust_mid_yorks
B84618,trust_mid_yorks
B84623,trust_mid_yorks
B85002,trust_mid_yorks
B85004,trust_mid_yorks
B85005,trust_mid_yorks
B85006,trust_mid_yorks
B85008,trust_mid_yorks
B85009,trust_mid_yorks
B85010,trust_mid_yorks
B85011,trust_mid_yorks
B85012,trust_mid_yorks
B85014,trust_mid_yorks
B85015,trust_mid_yorks
B85016,trust_mid_yorks
B85018,trust_mid_yorks
B85019,trust_mid_yorks
B85020,trust_mid_yorks
B85022,trust_mid_yorks
B85023,trust_mid_yorks
B85024,trust_mid_yorks
B85025,trust_mid_yorks
B85026,trust_mid_yorks
B85027,trust_mid_yorks
B85028,trust_mid_yorks
B85031,trust_mid_yorks
B85032,trust_mid_yorks
B85033,trust_mid_yorks
B85036,trust_mid_yorks
B85037,trust_mid_yorks
B85038,trust_mid_yorks
B85041,trust_mid_yorks
B85042,trust_mid_yorks
B85044,trust_mid_yorks
B85048,trust_mid_yorks
B85051,trust_mid_yorks
B85054,trust_mid_yorks
B85055,trust_mid_yorks
B85058,trust_mid_yorks
B85059,trust_mid_yorks
B85060,trust_mid_yorks
B85061,trust_mid_yorks
B85062,trust_mid_yorks
B85606,trust_mid_yorks
B85610,trust_mid_yorks
B85612,trust_mid_yorks
B85614,trust_mid_yorks
B85619,trust_mid_yorks
B85620,trust_mid_yorks
B85622,trust_mid_yorks
B85623,trust_mid_yorks
B85625,trust_mid_yorks
B85628,trust_mid_yorks
B85634,trust_mid_yorks
B85636,trust_mid_yorks
B85638,trust_mid_yorks
B85640,trust_mid_yorks
B85641,trust_mid_yorks
B85644,trust_mid_yorks
B85645,trust_mid_yorks
B85646,trust_mid_yorks
B85650,trust_mid_yorks
B85652,trust_mid_yorks
B85655,trust_mid_yorks
B85656,trust_mid_yorks
B85657,trust_mid_yorks
B85658,trust_mid_yorks
B85659,trust_mid_yorks
B85660,trust_mid_yorks
B86020,trust_mid_yorks
B86064,trust_mid_yorks
B86089,trust_mid_yorks
B87001,trust_mid_yorks
B87002,trust_mid_yorks
B87003,trust_mid_yorks
B87004,trust_mid_yorks
B87005,trust_mid_yorks
B87006,trust_mid_yorks
B87007,trust_mid_yorks
B87008,trust_mid_yorks
B87009,trust_mid_yorks
B87011,trust_mid_yorks
B87012,trust_mid_yorks
B87013,trust_mid_yorks
B87015,trust_mid_yorks
B87016,trust_mid_yorks
B87017,trust_mid_yorks
B87018,trust_mid_yorks
B87019,trust_mid_yorks
B87020,trust_mid_yorks
B87021,trust_mid_yorks
B87022,trust_mid_yorks
B87023,trust_mid_yorks
B87025,trust_mid_yorks
B87026,trust_mid_yorks
B87027,trust_mid_yorks
B87028,trust_mid_yorks
B87029,trust_mid_yorks
B87031,trust_mid_yorks
B87032,trust_mid_yorks
B87033,trust_mid_yorks
B87036,trust_mid_yorks
B87039,trust_mid_yorks
B87040,trust_mid_yorks
B87041,trust_mid_yorks
B87042,trust_mid_yorks
B87044,trust_mid_yorks
B87600,trust_mid_yorks
B87602,trust_mid_yorks
B87604,trust_mid_yorks
B87614,trust_mid_yorks
B87616,trust_mid_yorks
Y01851,trust_mid_yorks
Y01953,trust_mid_yorks
Y02509,trust_mid_yorks
Y02529,trust_mid_yorks
Y03112,trust_mid_yorks
Y04266,trust_mid_yorks
Y04680,trust_mid_yorks
Y05081,trust_mid_yorks
Y06659,trust_mid_yorks